frame_start,frame_end,label,video_id,len_frames,len_seconds
54,94,0,video01,41,1.64
720,724,1,video01,5,0.2
796,801,1,video01,6,0.24
1023,1048,1,video01,26,1.04
1179,1196,1,video01,18,0.72
1273,1291,1,video01,19,0.76
1867,1885,1,video01,19,0.76
1908,1974,1,video01,67,2.68
3000,3010,1,video01,11,0.44
3095,3129,1,video01,35,1.4
3207,3265,1,video01,59,2.36
3286,3299,1,video01,14,0.56
3741,3749,1,video01,9,0.36
5588,5604,1,video01,17,0.68
5678,5693,1,video01,16,0.64
5864,5880,1,video01,17,0.68
6133,6147,1,video01,15,0.6
6661,6675,1,video01,15,0.6
6885,6900,0,video01,16,0.64
7264,7279,1,video01,16,0.64
7542,7576,0,video01,35,1.4
7726,7765,0,video01,40,1.6
7882,7917,0,video01,36,1.44
8166,8190,1,video01,25,1.0
8387,8403,1,video01,17,0.68
8699,8714,1,video01,16,0.64
9608,9636,0,video01,29,1.16
9666,9682,0,video01,17,0.68
9815,9837,0,video01,23,0.92
9892,9916,0,video01,25,1.0
10206,10221,0,video01,16,0.64
10276,10301,0,video01,26,1.04
10397,10415,0,video01,19,0.76
10575,10594,0,video01,20,0.8
10853,10887,0,video01,35,1.4
10933,10968,1,video01,36,1.44
11053,11069,1,video01,17,0.68
11565,11580,1,video01,16,0.64
12165,12189,0,video01,25,1.0
12246,12259,1,video01,14,0.56
12277,12284,1,video01,8,0.32
12362,12396,1,video01,35,1.4
12810,12842,0,video01,33,1.32
12962,12983,0,video01,22,0.88
13052,13076,0,video01,25,1.0
13408,13422,0,video01,15,0.6
13493,13521,0,video01,29,1.16
13598,13614,0,video01,17,0.68
13708,13721,0,video01,14,0.56
14037,14057,0,video01,21,0.84
14080,14096,0,video01,17,0.68
14191,14209,0,video01,19,0.76
14279,14299,0,video01,21,0.84
14706,14721,1,video01,16,0.64
15126,15138,1,video01,13,0.52
16306,16326,1,video01,21,0.84
17506,17533,0,video01,28,1.12
17851,17879,0,video01,29,1.16
18744,18778,0,video01,35,1.4
18886,18915,0,video01,30,1.2
20064,20087,0,video01,24,0.96
20480,20504,0,video01,25,1.0
22325,22367,1,video01,43,1.72
22543,22564,0,video01,22,0.88
22580,22601,1,video01,22,0.88
22727,22737,1,video01,11,0.44
23932,23942,0,video01,11,0.44
24021,24052,0,video01,32,1.28
25449,25465,0,video01,17,0.68
25516,25551,1,video01,36,1.44
27050,27079,1,video01,30,1.2
27193,27214,1,video01,22,0.88
27315,27350,1,video01,36,1.44
27784,27824,1,video01,41,1.64
27885,27907,1,video01,23,0.92
28230,28260,1,video01,31,1.24
28739,28786,1,video01,48,1.92
28836,28866,1,video01,31,1.24
29167,29187,1,video01,21,0.84
29321,29352,1,video01,32,1.28
31292,31305,1,video01,14,0.56
31501,31536,1,video01,36,1.44
36062,36128,1,video01,67,2.68
40022,40071,0,video01,50,2.0
40716,40757,0,video01,42,1.68
40922,40969,0,video01,48,1.92
42714,42763,1,video01,50,2.0
312,340,0,video02,29,1.16
887,923,0,video02,37,1.48
1026,1048,0,video02,23,0.92
1160,1191,0,video02,32,1.28
1243,1284,1,video02,42,1.68
1560,1573,1,video02,14,0.56
3883,3906,1,video02,24,0.96
3954,3971,1,video02,18,0.72
4011,4037,1,video02,27,1.08
4111,4132,1,video02,22,0.88
4279,4296,1,video02,18,0.72
6201,6239,0,video02,39,1.56
6528,6556,0,video02,29,1.16
6879,6911,0,video02,33,1.32
7165,7200,0,video02,36,1.44
8703,8739,0,video02,37,1.48
9070,9108,0,video02,39,1.56
9723,9757,1,video02,35,1.4
11615,11637,0,video02,23,0.92
11765,11786,0,video02,22,0.88
11867,11891,0,video02,25,1.0
12005,12019,0,video02,15,0.6
12090,12107,0,video02,18,0.72
12337,12367,1,video02,31,1.24
12394,12412,1,video02,19,0.76
12538,12557,1,video02,20,0.8
13068,13112,1,video02,45,1.8
14006,14031,0,video02,26,1.04
14176,14193,0,video02,18,0.72
14365,14379,1,video02,15,0.6
14553,14567,1,video02,15,0.6
15757,15775,1,video02,19,0.76
15975,16003,1,video02,29,1.16
18656,18672,1,video02,17,0.68
19410,19427,0,video02,18,0.72
19588,19613,0,video02,26,1.04
23490,23505,1,video02,16,0.64
23717,23734,0,video02,18,0.72
24421,24444,1,video02,24,0.96
24875,24904,1,video02,30,1.2
25420,25433,1,video02,14,0.56
27466,27478,1,video02,13,0.52
27848,27865,0,video02,18,0.72
28016,28025,1,video02,10,0.4
30226,30250,0,video02,25,1.0
30619,30643,0,video02,25,1.0
31614,31634,0,video02,21,0.84
31903,31924,0,video02,22,0.88
34569,34588,0,video02,20,0.8
36916,36937,0,video02,22,0.88
39029,39052,0,video02,24,0.96
41831,41855,1,video02,25,1.0
41920,41941,1,video02,22,0.88
41979,42000,1,video02,22,0.88
42490,42564,1,video02,75,3.0
43194,43220,1,video02,27,1.08
43727,43763,0,video02,37,1.48
44263,44293,1,video02,31,1.24
45641,45658,1,video02,18,0.72
45744,45769,1,video02,26,1.04
46663,46677,1,video02,15,0.6
47313,47332,1,video02,20,0.8
47625,47653,1,video02,29,1.16
48665,48682,1,video02,18,0.72
49280,49302,1,video02,23,0.92
49677,49701,1,video02,25,1.0
52292,52312,1,video02,21,0.84
56568,56591,0,video02,24,0.96
57328,57360,0,video02,33,1.32
57457,57490,1,video02,34,1.36
63355,63434,1,video02,80,3.2
64156,64187,0,video02,32,1.28
64279,64310,0,video02,32,1.28
64489,64517,0,video02,29,1.16
64652,64690,0,video02,39,1.56
64854,64881,0,video02,28,1.12
65103,65151,0,video02,49,1.96
65340,65369,0,video02,30,1.2
65909,65943,0,video02,35,1.4
66182,66208,0,video02,27,1.08
68471,68501,1,video02,31,1.24
5796,5840,0,video03,45,1.8
6177,6212,0,video03,36,1.44
8216,8238,0,video03,23,0.92
8953,8990,0,video03,38,1.52
9023,9033,1,video03,11,0.44
9411,9493,1,video03,83,3.32
9520,9575,1,video03,56,2.24
9661,9709,1,video03,49,1.96
9769,9810,1,video03,42,1.68
13547,13574,0,video03,28,1.12
17355,17382,1,video03,28,1.12
20529,20559,0,video03,31,1.24
22759,22780,1,video03,22,0.88
22823,22838,1,video03,16,0.64
22865,22905,1,video03,41,1.64
25829,25856,0,video03,28,1.12
26023,26049,1,video03,27,1.08
30302,30335,1,video03,34,1.36
34234,34257,0,video03,24,0.96
34330,34350,1,video03,21,0.84
37721,37744,0,video03,24,0.96
40585,40605,1,video03,21,0.84
45503,45528,0,video03,26,1.04
50422,50442,0,video03,21,0.84
50469,50491,1,video03,23,0.92
56183,56206,0,video03,24,0.96
61116,61145,0,video03,30,1.2
64373,64393,0,video03,21,0.84
64530,64541,1,video03,12,0.48
68872,68900,0,video03,29,1.16
73819,73839,0,video03,21,0.84
74528,74556,0,video03,29,1.16
79919,79939,0,video03,21,0.84
84070,84097,1,video03,28,1.12
87667,87695,0,video03,29,1.16
87901,87939,0,video03,39,1.56
93920,93941,0,video03,22,0.88
99607,99647,0,video03,41,1.64
104526,104547,0,video03,22,0.88
109204,109232,0,video03,29,1.16
112106,112133,0,video03,28,1.12
116614,116683,1,video03,70,2.8
122182,122219,0,video03,38,1.52
125950,125977,1,video03,28,1.12
134676,134752,1,video03,77,3.08
32,75,0,video04,44,1.76
1134,1171,0,video04,38,1.52
1217,1254,0,video04,38,1.52
2402,2439,0,video04,38,1.52
4315,4349,0,video04,35,1.4
5257,5291,0,video04,35,1.4
6340,6369,0,video04,30,1.2
7439,7470,0,video04,32,1.28
7578,7600,1,video04,23,0.92
7669,7692,1,video04,24,0.96
9101,9143,1,video04,43,1.72
9179,9193,1,video04,15,0.6
10320,10403,1,video04,84,3.36
12074,12116,1,video04,43,1.72
12143,12163,1,video04,21,0.84
13637,13651,1,video04,15,0.6
14962,15016,1,video04,55,2.2
15951,15980,1,video04,30,1.2
17090,17113,0,video04,24,0.96
17206,17233,0,video04,28,1.12
18108,18134,0,video04,27,1.08
18246,18265,1,video04,20,0.8
18294,18333,1,video04,40,1.6
19159,19187,0,video04,29,1.16
19259,19280,1,video04,22,0.88
20444,20497,1,video04,54,2.16
21313,21358,0,video04,46,1.84
22313,22349,0,video04,37,1.48
22399,22428,0,video04,30,1.2
22506,22543,0,video04,38,1.52
23463,23493,0,video04,31,1.24
23588,23611,0,video04,24,0.96
24489,24512,1,video04,24,0.96
25865,25885,1,video04,21,0.84
27104,27138,1,video04,35,1.4
28652,28680,1,video04,29,1.16
29810,29838,1,video04,29,1.16
29886,30005,1,video04,120,4.8
30052,30095,1,video04,44,1.76
31383,31417,1,video04,35,1.4
32302,32347,0,video04,46,1.84
33509,33533,1,video04,25,1.0
35674,35729,0,video04,56,2.24
36519,36564,0,video04,46,1.84
36658,36679,0,video04,22,0.88
989,1044,0,video05,56,2.24
1119,1171,0,video05,53,2.12
1648,1690,0,video05,43,1.72
1864,1941,0,video05,78,3.12
3177,3212,1,video05,36,1.44
3336,3386,1,video05,51,2.04
3467,3638,1,video05,172,6.88
3773,3865,1,video05,93,3.72
6158,6192,0,video05,35,1.4
6205,6238,1,video05,34,1.36
7385,7442,1,video05,58,2.32
9128,9154,1,video05,27,1.08
10376,10405,0,video05,30,1.2
12179,12195,1,video05,17,0.68
13545,13579,0,video05,35,1.4
13939,13991,0,video05,53,2.12
16041,16068,0,video05,28,1.12
18005,18059,1,video05,55,2.2
18162,18181,1,video05,20,0.8
19790,19809,1,video05,20,0.8
20677,20699,1,video05,23,0.92
21759,21791,0,video05,33,1.32
21850,21885,0,video05,36,1.44
22610,22624,1,video05,15,0.6
23746,23798,0,video05,53,2.12
25056,25086,0,video05,31,1.24
26602,26643,0,video05,42,1.68
26763,26801,0,video05,39,1.56
26852,26873,0,video05,22,0.88
28613,28645,0,video05,33,1.32
29888,29936,0,video05,49,1.96
32246,32271,0,video05,26,1.04
33145,33178,0,video05,34,1.36
34866,34895,1,video05,30,1.2
35986,36002,1,video05,17,0.68
37829,37854,0,video05,26,1.04
37920,37933,0,video05,14,0.56
37973,38018,0,video05,46,1.84
40056,40090,0,video05,35,1.4
41385,41415,0,video05,31,1.24
44434,44459,0,video05,26,1.04
44786,44829,0,video05,44,1.76
435,482,0,video06,48,1.92
550,579,0,video06,30,1.2
1718,1798,1,video06,81,3.24
1881,2014,1,video06,134,5.36
3199,3240,0,video06,42,1.68
4157,4192,1,video06,36,1.44
6313,6345,0,video06,33,1.32
7954,7988,1,video06,35,1.4
9710,9738,0,video06,29,1.16
11052,11087,0,video06,36,1.44
12915,12929,1,video06,15,0.6
14343,14365,1,video06,23,0.92
16009,16038,0,video06,30,1.2
17273,17298,1,video06,26,1.04
18797,18809,1,video06,13,0.52
19997,20021,0,video06,25,1.0
21495,21524,0,video06,30,1.2
23196,23214,1,video06,19,0.76
24544,24567,0,video06,24,0.96
26372,26408,0,video06,37,1.48
27790,27807,1,video06,18,0.72
29340,29362,0,video06,23,0.92
31968,32005,0,video06,38,1.52
33475,33500,0,video06,26,1.04
33559,33579,0,video06,21,0.84
34315,34406,1,video06,92,3.68
35941,35959,0,video06,19,0.76
37416,37452,0,video06,37,1.48
38482,38592,1,video06,111,4.44
39527,39557,1,video06,31,1.24
39578,39611,1,video06,34,1.36
39696,39754,1,video06,59,2.36
41126,41157,0,video06,32,1.28
43119,43144,1,video06,26,1.04
45592,45612,1,video06,21,0.84
47249,47298,1,video06,50,2.0
47337,47357,1,video06,21,0.84
50304,50330,0,video06,27,1.08
51647,51673,0,video06,27,1.08
51706,51731,0,video06,26,1.04
398,443,0,video07,46,1.84
3161,3251,1,video07,91,3.64
3364,3407,1,video07,44,1.76
3540,3595,1,video07,56,2.24
5502,5533,1,video07,32,1.28
8375,8416,0,video07,42,1.68
11855,11882,1,video07,28,1.12
14319,14357,1,video07,39,1.56
17808,17851,0,video07,44,1.76
20202,20234,0,video07,33,1.32
21766,21786,0,video07,21,0.84
23457,23491,0,video07,35,1.4
23822,23863,1,video07,42,1.68
23929,23947,1,video07,19,0.76
24087,24131,1,video07,45,1.8
26602,26633,0,video07,32,1.28
26691,26718,0,video07,28,1.12
26782,26814,0,video07,33,1.32
29483,29528,0,video07,46,1.84
29577,29604,1,video07,28,1.12
31691,31715,0,video07,25,1.0
31935,31961,1,video07,27,1.08
34951,35001,0,video07,51,2.04
37509,37535,0,video07,27,1.08
37742,37777,0,video07,36,1.44
37812,37842,0,video07,31,1.24
40742,40767,0,video07,26,1.04
40936,40957,1,video07,22,0.88
43595,43618,0,video07,24,0.96
46497,46518,1,video07,22,0.88
49116,49144,0,video07,29,1.16
49176,49196,1,video07,21,0.84
52268,52316,1,video07,49,1.96
55454,55487,0,video07,34,1.36
58654,58676,0,video07,23,0.92
60920,60962,0,video07,43,1.72
63809,63840,1,video07,32,1.28
67797,67848,1,video07,52,2.08
67981,68018,0,video07,38,1.52
71702,71721,1,video07,20,0.8
72122,72151,0,video07,30,1.2
76781,76815,0,video07,35,1.4
76854,76891,0,video07,38,1.52
76942,76971,1,video07,30,1.2
80601,80675,1,video07,75,3.0
84473,84498,1,video07,26,1.04
91382,91403,0,video07,22,0.88
91474,91560,1,video07,87,3.48
95324,95353,1,video07,30,1.2
99029,99050,1,video07,22,0.88
101610,101631,1,video07,22,0.88
104469,104503,1,video07,35,1.4
107677,107707,0,video07,31,1.24
109947,109980,1,video07,34,1.36
1844,1925,0,video08,82,3.28
2017,2070,0,video08,54,2.16
2717,2772,0,video08,56,2.24
2998,3147,1,video08,150,6.0
5086,5108,1,video08,23,0.92
7280,7333,0,video08,54,2.16
7461,7532,0,video08,72,2.88
8490,8513,0,video08,24,0.96
9482,9519,0,video08,38,1.52
10753,10783,0,video08,31,1.24
11619,11662,0,video08,44,1.76
13599,13652,0,video08,54,2.16
14992,15030,1,video08,39,1.56
17057,17091,1,video08,35,1.4
19335,19401,0,video08,67,2.68
19513,19555,0,video08,43,1.72
20440,20481,0,video08,42,1.68
20533,20577,0,video08,45,1.8
20653,20702,0,video08,50,2.0
21707,21742,1,video08,36,1.44
21818,21852,1,video08,35,1.4
23012,23057,0,video08,46,1.84
23179,23222,0,video08,44,1.76
23965,23999,1,video08,35,1.4
25353,25378,0,video08,26,1.04
27110,27153,1,video08,44,1.76
28370,28463,1,video08,94,3.76
31396,31413,1,video08,18,0.72
31507,31529,1,video08,23,0.92
37112,37171,1,video08,60,2.4
976,1010,0,video09,35,1.4
1155,1204,0,video09,50,2.0
1259,1303,0,video09,45,1.8
1563,1610,0,video09,48,1.92
2880,2938,0,video09,59,2.36
3071,3121,1,video09,51,2.04
3158,3202,1,video09,45,1.8
5208,5219,1,video09,12,0.48
6705,6747,0,video09,43,1.72
6762,6775,1,video09,14,0.56
8609,8632,1,video09,24,0.96
10988,11013,1,video09,26,1.04
12763,12781,1,video09,19,0.76
14483,14498,1,video09,16,0.64
16349,16380,0,video09,32,1.28
16405,16447,0,video09,43,1.72
17473,17504,1,video09,32,1.28
17820,17850,0,video09,31,1.24
17892,17920,0,video09,29,1.16
20905,20929,0,video09,25,1.0
21030,21056,0,video09,27,1.08
21284,21299,1,video09,16,0.64
23663,23685,1,video09,23,0.92
23765,23785,1,video09,21,0.84
24900,24928,0,video09,29,1.16
26893,26916,0,video09,24,0.96
27051,27095,0,video09,45,1.8
28799,28821,0,video09,23,0.92
30324,30357,0,video09,34,1.36
31854,31886,0,video09,33,1.32
33705,33731,0,video09,27,1.08
33951,33962,1,video09,12,0.48
34273,34299,1,video09,27,1.08
35708,35729,1,video09,22,0.88
37197,37221,0,video09,25,1.0
39134,39159,1,video09,26,1.04
42014,42031,1,video09,18,0.72
43291,43304,1,video09,14,0.56
46990,46999,1,video09,10,0.4
47009,47028,1,video09,20,0.8
50305,50331,1,video09,27,1.08
53785,53806,1,video09,22,0.88
53882,53904,1,video09,23,0.92
55034,55059,1,video09,26,1.04
55166,55200,1,video09,35,1.4
57049,57069,1,video09,21,0.84
166,225,0,video10,60,2.4
804,829,1,video10,26,1.04
1079,1212,1,video10,134,5.36
1928,1970,1,video10,43,1.72
2895,2931,0,video10,37,1.48
3652,3675,1,video10,24,0.96
4459,4474,1,video10,16,0.64
4609,4630,1,video10,22,0.88
6785,6799,1,video10,15,0.6
8225,8257,0,video10,33,1.32
9424,9436,1,video10,13,0.52
10467,10487,1,video10,21,0.84
11731,11790,1,video10,60,2.4
13231,13268,1,video10,38,1.52
13304,13320,1,video10,17,0.68
14548,14563,1,video10,16,0.64
15621,15725,0,video10,105,4.2
15832,15861,1,video10,30,1.2
16189,16199,1,video10,11,0.44
17423,17443,1,video10,21,0.84
18695,18723,1,video10,29,1.16
20842,20858,1,video10,17,0.68
21905,21915,1,video10,11,0.44
24370,24400,0,video10,31,1.24
25219,25255,0,video10,37,1.48
25297,25324,0,video10,28,1.12
25427,25437,1,video10,11,0.44
26352,26366,1,video10,15,0.6
28101,28117,1,video10,17,0.68
28970,28988,1,video10,19,0.76
29013,29049,1,video10,37,1.48
29090,29110,1,video10,21,0.84
29141,29164,1,video10,24,0.96
29254,29296,1,video10,43,1.72
30881,30901,1,video10,21,0.84
32850,32892,0,video10,43,1.72
32940,33038,1,video10,99,3.96
34609,34636,0,video10,28,1.12
38756,38796,0,video10,41,1.64
38867,38894,0,video10,28,1.12
39004,39050,0,video10,47,1.88
39103,39123,0,video10,21,0.84
41538,41568,0,video10,31,1.24
48,95,0,video11,48,1.92
530,578,0,video11,49,1.96
1245,1285,0,video11,41,1.64
2511,2550,0,video11,40,1.6
3363,3416,1,video11,54,2.16
3462,3492,1,video11,31,1.24
5377,5420,1,video11,44,1.76
7419,7446,1,video11,28,1.12
13436,13519,1,video11,84,3.36
13659,13694,1,video11,36,1.44
16103,16128,1,video11,26,1.04
22615,22648,0,video11,34,1.36
32249,32280,1,video11,32,1.28
32372,32386,1,video11,15,0.6
37530,37545,1,video11,16,0.64
43474,43508,0,video11,35,1.4
43526,43563,0,video11,38,1.52
43723,43755,1,video11,33,1.32
43798,43814,1,video11,17,0.68
45561,45580,0,video11,20,0.8
51376,51423,0,video11,48,1.92
51470,51500,0,video11,31,1.24
54138,54174,0,video11,37,1.48
55947,55977,0,video11,31,1.24
60043,60066,1,video11,24,0.96
62285,62316,1,video11,32,1.28
62453,62494,1,video11,42,1.68
62844,62890,1,video11,47,1.88
65486,65523,1,video11,38,1.52
65654,65696,1,video11,43,1.72
67728,67760,1,video11,33,1.32
70461,70479,1,video11,19,0.76
72313,72348,1,video11,36,1.44
76883,76909,0,video11,27,1.08
76948,76971,0,video11,24,0.96
78127,78157,1,video11,31,1.24
250,302,0,video12,53,2.12
668,699,0,video12,32,1.28
1314,1355,0,video12,42,1.68
2841,2874,0,video12,34,1.36
2959,3007,0,video12,49,1.96
3923,3962,0,video12,40,1.6
4035,4062,0,video12,28,1.12
4909,4928,1,video12,20,0.8
5791,5828,0,video12,38,1.52
6561,6589,0,video12,29,1.16
6708,6736,1,video12,29,1.16
7438,7465,1,video12,28,1.12
7797,7854,0,video12,58,2.32
8495,8534,0,video12,40,1.6
8604,8625,1,video12,22,0.88
9124,9151,0,video12,28,1.12
10044,10081,0,video12,38,1.52
10149,10172,0,video12,24,0.96
10815,10862,0,video12,48,1.92
13195,13237,0,video12,43,1.72
13300,13323,0,video12,24,0.96
14028,14081,0,video12,54,2.16
14969,14993,0,video12,25,1.0
15627,15639,1,video12,13,0.52
16296,16338,1,video12,43,1.72
16415,16432,1,video12,18,0.72
16496,16543,1,video12,48,1.92
17146,17184,1,video12,39,1.56
18175,18220,1,video12,46,1.84
18441,18460,1,video12,20,0.8
19210,19238,1,video12,29,1.16
19291,19306,1,video12,16,0.64
20177,20201,1,video12,25,1.0
20985,21001,1,video12,17,0.68
21665,21690,1,video12,26,1.04
22077,22154,1,video12,78,3.12
23402,23421,1,video12,20,0.8
139,159,1,video13,21,0.84
312,359,1,video13,48,1.92
791,817,1,video13,27,1.08
1710,1727,1,video13,18,0.72
3420,3448,0,video13,29,1.16
3604,3629,1,video13,26,1.04
4230,4258,1,video13,29,1.16
4363,4384,0,video13,22,0.88
4470,4486,1,video13,17,0.68
4553,4581,1,video13,29,1.16
4659,4683,1,video13,25,1.0
6044,6100,1,video13,57,2.28
6874,6909,0,video13,36,1.44
7869,7921,1,video13,53,2.12
8830,8852,1,video13,23,0.92
9792,9810,1,video13,19,0.76
12267,12282,1,video13,16,0.64
12654,12680,1,video13,27,1.08
12794,12809,1,video13,16,0.64
15316,15335,1,video13,20,0.8
16928,16959,1,video13,32,1.28
21050,21063,1,video13,14,0.56
22315,22359,0,video13,45,1.8
22381,22452,0,video13,72,2.88
22481,22522,0,video13,42,1.68
22560,22616,0,video13,57,2.28
23424,23465,0,video13,42,1.68
23510,23562,0,video13,53,2.12
23587,23620,0,video13,34,1.36
23695,23712,0,video13,18,0.72
23826,23844,0,video13,19,0.76
23910,23946,0,video13,37,1.48
302,357,0,video14,56,2.24
494,568,0,video14,75,3.0
1151,1286,1,video14,136,5.44
1319,1418,1,video14,100,4.0
2443,2478,1,video14,36,1.44
3668,3699,1,video14,32,1.28
4947,4978,1,video14,32,1.28
6034,6064,0,video14,31,1.24
7447,7483,1,video14,37,1.48
8877,8921,1,video14,45,1.8
10267,10301,1,video14,35,1.4
11870,11889,1,video14,20,0.8
13332,13372,1,video14,41,1.64
17213,17262,1,video14,50,2.0
19606,19684,1,video14,79,3.16
21981,22042,0,video14,62,2.48
22097,22220,0,video14,124,4.96
22258,22293,0,video14,36,1.44
22804,22863,0,video14,60,2.4
22973,23007,0,video14,35,1.4
23175,23204,0,video14,30,1.2
24163,24186,1,video14,24,0.96
25589,25616,1,video14,28,1.12
25718,25758,1,video14,41,1.64
28053,28125,1,video14,73,2.92
28159,28194,1,video14,36,1.44
28236,28263,1,video14,28,1.12
36967,36990,1,video14,24,0.96
40060,40111,0,video14,52,2.08
40175,40247,0,video14,73,2.92
40306,40354,0,video14,49,1.96
40404,40438,0,video14,35,1.4
40480,40516,0,video14,37,1.48
42027,42060,1,video14,34,1.36
31,79,0,video15,49,1.96
414,464,0,video15,51,2.04
588,639,0,video15,52,2.08
1072,1134,0,video15,63,2.52
1332,1384,0,video15,53,2.12
1625,1667,0,video15,43,1.72
2014,2057,0,video15,44,1.76
2217,2267,0,video15,51,2.04
3053,3099,0,video15,47,1.88
4366,4397,0,video15,32,1.28
4439,4453,1,video15,15,0.6
5286,5319,0,video15,34,1.36
5425,5448,0,video15,24,0.96
5488,5519,1,video15,32,1.28
5573,5590,0,video15,18,0.72
5674,5702,0,video15,29,1.16
5721,5731,1,video15,11,0.44
6585,6634,0,video15,50,2.0
6980,7012,0,video15,33,1.32
7092,7126,0,video15,35,1.4
7162,7199,0,video15,38,1.52
8386,8426,0,video15,41,1.64
8469,8493,0,video15,25,1.0
8503,8523,1,video15,21,0.84
9771,9814,1,video15,44,1.76
10100,10134,0,video15,35,1.4
10348,10362,0,video15,15,0.6
10412,10446,1,video15,35,1.4
10520,10551,0,video15,32,1.28
10698,10740,0,video15,43,1.72
10866,10899,0,video15,34,1.36
11298,11399,0,video15,102,4.08
12730,12747,1,video15,18,0.72
12812,12828,1,video15,17,0.68
12889,12908,1,video15,20,0.8
14180,14215,1,video15,36,1.44
15269,15318,0,video15,50,2.0
15620,15656,0,video15,37,1.48
17084,17108,1,video15,25,1.0
17718,17764,0,video15,47,1.88
18986,19014,0,video15,29,1.16
19099,19133,1,video15,35,1.4
19332,19366,1,video15,35,1.4
19481,19506,0,video15,26,1.04
19622,19641,0,video15,20,0.8
21087,21112,0,video15,26,1.04
22216,22227,1,video15,12,0.48
23734,23753,0,video15,20,0.8
23924,23949,1,video15,26,1.04
24206,24238,1,video15,33,1.32
24713,24749,1,video15,37,1.48
24926,24954,0,video15,29,1.16
25061,25093,0,video15,33,1.32
25175,25201,1,video15,27,1.08
25486,25512,1,video15,27,1.08
26514,26539,0,video15,26,1.04
27869,27882,1,video15,14,0.56
27951,27975,1,video15,25,1.0
29048,29085,1,video15,38,1.52
30352,30373,0,video15,22,0.88
31581,31609,0,video15,29,1.16
33206,33233,0,video15,28,1.12
34762,34781,0,video15,20,0.8
36560,36589,1,video15,30,1.2
36794,36810,1,video15,17,0.68
38163,38185,0,video15,23,0.92
39329,39346,1,video15,18,0.72
39406,39437,1,video15,32,1.28
40779,40818,1,video15,40,1.6
40864,40893,1,video15,30,1.2
41258,41280,1,video15,23,0.92
42434,42470,1,video15,37,1.48
43874,43895,0,video15,22,0.88
45080,45104,0,video15,25,1.0
556,590,0,video16,35,1.4
763,810,0,video16,48,1.92
2484,2537,0,video16,54,2.16
2645,2675,1,video16,31,1.24
2859,2891,1,video16,33,1.32
5140,5225,1,video16,86,3.44
5376,5406,1,video16,31,1.24
5571,5615,1,video16,45,1.8
7773,7796,1,video16,24,0.96
9634,9665,1,video16,32,1.28
11246,11266,0,video16,21,0.84
11294,11327,0,video16,34,1.36
11617,11632,1,video16,16,0.64
13124,13144,1,video16,21,0.84
14738,14758,1,video16,21,0.84
16896,16922,1,video16,27,1.08
16967,16987,1,video16,21,0.84
19963,19986,1,video16,24,0.96
22438,22461,0,video16,24,0.96
22475,22499,1,video16,25,1.0
23945,24015,1,video16,71,2.84
25969,26001,0,video16,33,1.32
26054,26100,1,video16,47,1.88
26234,26259,1,video16,26,1.04
26411,26449,1,video16,39,1.56
28276,28287,1,video16,12,0.48
28314,28344,1,video16,31,1.24
29865,29902,0,video16,38,1.52
29939,29968,0,video16,30,1.2
30298,30320,1,video16,23,0.92
30476,30498,0,video16,23,0.92
30527,30552,0,video16,26,1.04
32213,32243,0,video16,31,1.24
32373,32405,0,video16,33,1.32
32461,32491,0,video16,31,1.24
32585,32612,0,video16,28,1.12
32870,32926,0,video16,57,2.28
34798,34822,0,video16,25,1.0
36413,36431,0,video16,19,0.76
38423,38453,1,video16,31,1.24
38494,38542,1,video16,49,1.96
46449,46471,1,video16,23,0.92
48301,48323,1,video16,23,0.92
51772,51801,1,video16,30,1.2
53250,53264,1,video16,15,0.6
54367,54384,1,video16,18,0.72
55888,55927,1,video16,40,1.6
55976,56014,1,video16,39,1.56
58683,58711,1,video16,29,1.16
58728,58743,1,video16,16,0.64
59198,59227,1,video16,30,1.2
59435,59454,1,video16,20,0.8
61124,61138,1,video16,15,0.6
61165,61179,1,video16,15,0.6
69756,69783,1,video16,28,1.12
90,148,0,video17,59,2.36
339,387,0,video17,49,1.96
1070,1113,0,video17,44,1.76
1354,1413,0,video17,60,2.4
1566,1610,0,video17,45,1.8
1764,1815,0,video17,52,2.08
2176,2216,0,video17,41,1.64
2587,2632,0,video17,46,1.84
2716,2754,0,video17,39,1.56
3343,3405,0,video17,63,2.52
3607,3666,0,video17,60,2.4
4057,4123,1,video17,67,2.68
4596,4620,1,video17,25,1.0
4904,4927,1,video17,24,0.96
5287,5308,1,video17,22,0.88
5382,5399,1,video17,18,0.72
6062,6087,1,video17,26,1.04
6534,6553,1,video17,20,0.8
7477,7489,1,video17,13,0.52
8537,8559,1,video17,23,0.92
9533,9553,1,video17,21,0.84
10070,10089,1,video17,20,0.8
12181,12203,1,video17,23,0.92
13208,13222,1,video17,15,0.6
13558,13605,1,video17,48,1.92
17370,17392,1,video17,23,0.92
17927,17955,1,video17,29,1.16
17996,18017,1,video17,22,0.88
18772,18812,1,video17,41,1.64
19959,19981,1,video17,23,0.92
20492,20519,1,video17,28,1.12
21335,21361,1,video17,27,1.08
112,148,0,video18,37,1.48
177,205,0,video18,29,1.16
312,338,0,video18,27,1.08
406,436,0,video18,31,1.24
641,693,0,video18,53,2.12
976,1049,0,video18,74,2.96
1440,1505,1,video18,66,2.64
1604,1629,1,video18,26,1.04
1848,1893,1,video18,46,1.84
1922,1958,1,video18,37,1.48
4972,5003,0,video18,32,1.28
5039,5066,0,video18,28,1.12
5130,5149,0,video18,20,0.8
8801,8834,1,video18,34,1.36
9349,9368,0,video18,20,0.8
9403,9430,0,video18,28,1.12
9509,9544,0,video18,36,1.44
10065,10082,1,video18,18,0.72
11014,11042,0,video18,29,1.16
11177,11218,0,video18,42,1.68
11607,11635,0,video18,29,1.16
16256,16285,1,video18,30,1.2
16589,16633,1,video18,45,1.8
17088,17113,1,video18,26,1.04
21691,21716,0,video18,26,1.04
24862,24881,0,video18,20,0.8
26219,26250,1,video18,32,1.28
26362,26384,1,video18,23,0.92
26596,26618,1,video18,23,0.92
26826,26864,1,video18,39,1.56
27046,27086,1,video18,41,1.64
28830,28850,1,video18,21,0.84
29215,29242,1,video18,28,1.12
29308,29361,1,video18,54,2.16
29985,30026,1,video18,42,1.68
30672,30701,1,video18,30,1.2
30810,30835,1,video18,26,1.04
31335,31374,1,video18,40,1.6
31822,31844,1,video18,23,0.92
33410,33435,1,video18,26,1.04
34488,34512,0,video18,25,1.0
34827,34856,0,video18,30,1.2
43523,43554,0,video18,32,1.28
43717,43749,1,video18,33,1.32
43872,43896,1,video18,25,1.0
44042,44076,1,video18,35,1.4
44205,44234,1,video18,30,1.2
44273,44305,1,video18,33,1.32
44489,44537,1,video18,49,1.96
44566,44607,1,video18,42,1.68
44891,44937,0,video18,47,1.88
44969,44992,0,video18,24,0.96
45357,45397,1,video18,41,1.64
45531,45608,1,video18,78,3.12
45956,45994,0,video18,39,1.56
46130,46170,0,video18,41,1.64
46233,46267,0,video18,35,1.4
46318,46359,0,video18,42,1.68
46792,46854,0,video18,63,2.52
46989,47037,0,video18,49,1.96
47158,47193,0,video18,36,1.44
47272,47307,0,video18,36,1.44
47583,47607,0,video18,25,1.0
47939,47984,0,video18,46,1.84
55,96,0,video19,42,1.68
129,147,1,video19,19,0.76
2080,2112,1,video19,33,1.32
2951,2996,1,video19,46,1.84
4368,4425,0,video19,58,2.32
4444,4477,0,video19,34,1.36
4697,4724,1,video19,28,1.12
4861,4888,1,video19,28,1.12
5686,5710,1,video19,25,1.0
6196,6222,1,video19,27,1.08
6473,6516,0,video19,44,1.76
6568,6593,1,video19,26,1.04
8339,8374,0,video19,36,1.44
8637,8671,0,video19,35,1.4
8841,8854,1,video19,14,0.56
9087,9158,0,video19,72,2.88
9562,9590,1,video19,29,1.16
9913,9998,0,video19,86,3.44
10334,10361,1,video19,28,1.12
10415,10436,1,video19,22,0.88
10911,10936,0,video19,26,1.04
11686,11715,0,video19,30,1.2
12038,12065,0,video19,28,1.12
12342,12393,0,video19,52,2.08
13640,13665,0,video19,26,1.04
13879,13901,0,video19,23,0.92
19287,19314,0,video19,28,1.12
20287,20301,1,video19,15,0.6
25490,25515,0,video19,26,1.04
31852,31868,1,video19,17,0.68
33139,33180,1,video19,42,1.68
37510,37580,1,video19,71,2.84
43674,43701,1,video19,28,1.12
46513,46549,1,video19,37,1.48
47249,47269,1,video19,21,0.84
185,232,0,video20,48,1.92
1871,1916,0,video20,46,1.84
2350,2427,0,video20,78,3.12
3001,3069,0,video20,69,2.76
5196,5242,0,video20,47,1.88
6870,6907,0,video20,38,1.52
9069,9112,0,video20,44,1.76
10187,10198,1,video20,12,0.48
11712,11738,0,video20,27,1.08
15888,15937,0,video20,50,2.0
16927,16948,0,video20,22,0.88
17396,17419,0,video20,24,0.96
17550,17612,0,video20,63,2.52
18179,18210,0,video20,32,1.28
24346,24375,1,video20,30,1.2
24633,24648,1,video20,16,0.64
25143,25160,1,video20,18,0.72
25415,25431,1,video20,17,0.68
25454,25503,1,video20,50,2.0
25554,25587,1,video20,34,1.36
25621,25677,1,video20,57,2.28
25827,25854,1,video20,28,1.12
28466,28498,0,video20,33,1.32
29523,29603,1,video20,81,3.24
29630,29659,1,video20,30,1.2
29676,29695,1,video20,20,0.8
31503,31529,1,video20,27,1.08
31724,31737,1,video20,14,0.56
32652,32704,1,video20,53,2.12
33457,33471,1,video20,15,0.6
33539,33580,1,video20,42,1.68
33630,33664,1,video20,35,1.4
33771,33840,1,video20,70,2.8
520,566,0,video21,47,1.88
875,913,0,video21,39,1.56
4675,4717,0,video21,43,1.72
5043,5085,0,video21,43,1.72
5350,5384,0,video21,35,1.4
6062,6105,1,video21,44,1.76
6168,6234,1,video21,67,2.68
6738,6803,1,video21,66,2.64
7016,7052,1,video21,37,1.48
7227,7302,1,video21,76,3.04
7421,7460,1,video21,40,1.6
7982,8038,1,video21,57,2.28
8558,8606,1,video21,49,1.96
9215,9269,1,video21,55,2.2
9314,9363,1,video21,50,2.0
9388,9450,1,video21,63,2.52
10127,10176,1,video21,50,2.0
11777,11829,0,video21,53,2.12
11872,11930,0,video21,59,2.36
12130,12187,0,video21,58,2.32
15347,15394,0,video21,48,1.92
17697,17721,0,video21,25,1.0
17788,17859,0,video21,72,2.88
17977,18055,0,video21,79,3.16
19154,19191,0,video21,38,1.52
20088,20129,0,video21,42,1.68
21397,21416,0,video21,20,0.8
69,160,1,video22,92,3.68
2126,2191,1,video22,66,2.64
2788,2837,1,video22,50,2.0
3027,3068,1,video22,42,1.68
3660,3671,1,video22,12,0.48
4133,4172,0,video22,40,1.6
4911,4928,1,video22,18,0.72
7127,7143,0,video22,17,0.68
7760,7803,0,video22,44,1.76
9255,9284,0,video22,30,1.2
9831,9852,1,video22,22,0.88
14057,14079,1,video22,23,0.92
14227,14253,1,video22,27,1.08
15039,15105,0,video22,67,2.68
15325,15362,0,video22,38,1.52
15514,15572,0,video22,59,2.36
15663,15714,0,video22,52,2.08
15926,15961,0,video22,36,1.44
16350,16368,1,video22,19,0.76
16485,16518,1,video22,34,1.36
16756,16809,1,video22,54,2.16
17774,17842,1,video22,69,2.76
17934,17970,1,video22,37,1.48
18453,18477,1,video22,25,1.0
19838,19896,0,video22,59,2.36
19949,19996,0,video22,48,1.92
20226,20261,0,video22,36,1.44
20778,20804,1,video22,27,1.08
24973,25019,1,video22,47,1.88
27563,27627,1,video22,65,2.6
31261,31325,1,video22,65,2.6
33997,34064,0,video22,68,2.72
35446,35491,0,video22,46,1.84
41,89,0,video23,49,1.96
289,330,0,video23,42,1.68
396,420,0,video23,25,1.0
695,756,1,video23,62,2.48
1001,1024,1,video23,24,0.96
1217,1254,1,video23,38,1.52
2272,2301,1,video23,30,1.2
3124,3149,1,video23,26,1.04
4146,4161,1,video23,16,0.64
4352,4367,1,video23,16,0.64
4474,4498,1,video23,25,1.0
4994,5017,0,video23,24,0.96
5052,5062,1,video23,11,0.44
5523,5536,1,video23,14,0.56
5653,5676,1,video23,24,0.96
6141,6177,0,video23,37,1.48
6714,6727,1,video23,14,0.56
7585,7624,0,video23,40,1.6
7646,7670,1,video23,25,1.0
8069,8079,1,video23,11,0.44
8199,8222,0,video23,24,0.96
8288,8302,1,video23,15,0.6
8629,8660,1,video23,32,1.28
8951,9017,1,video23,67,2.68
9669,9692,0,video23,24,0.96
10879,10902,0,video23,24,0.96
12125,12179,0,video23,55,2.2
14045,14062,1,video23,18,0.72
15853,15871,0,video23,19,0.76
15986,16004,0,video23,19,0.76
16745,16764,0,video23,20,0.8
16915,16936,0,video23,22,0.88
17164,17183,0,video23,20,0.8
17480,17497,0,video23,18,0.72
17697,17712,0,video23,16,0.64
18064,18094,1,video23,31,1.24
18777,18808,1,video23,32,1.28
18823,18841,1,video23,19,0.76
18868,18891,1,video23,24,0.96
20453,20467,0,video23,15,0.6
22995,23012,0,video23,18,0.72
28921,28956,0,video23,36,1.44
29112,29143,1,video23,32,1.28
29320,29347,1,video23,28,1.12
29854,29928,1,video23,75,3.0
31224,31278,0,video23,55,2.2
33544,33561,0,video23,18,0.72
34561,34604,0,video23,44,1.76
36017,36052,0,video23,36,1.44
36310,36335,0,video23,26,1.04
37081,37179,1,video23,99,3.96
147,197,0,video24,51,2.04
392,433,0,video24,42,1.68
1104,1148,0,video24,45,1.8
3918,3966,0,video24,49,1.96
4164,4210,0,video24,47,1.88
4634,4680,0,video24,47,1.88
5771,5828,0,video24,58,2.32
6673,6726,0,video24,54,2.16
7070,7104,0,video24,35,1.4
9231,9265,0,video24,35,1.4
9953,9995,0,video24,43,1.72
10678,10735,0,video24,58,2.32
11101,11149,0,video24,49,1.96
11273,11312,0,video24,40,1.6
11749,11787,0,video24,39,1.56
12380,12427,0,video24,48,1.92
13064,13082,1,video24,19,0.76
14966,14978,1,video24,13,0.52
16469,16486,1,video24,18,0.72
16590,16608,1,video24,19,0.76
18341,18361,0,video24,21,0.84
18645,18666,0,video24,22,0.88
18948,18965,0,video24,18,0.72
22362,22379,1,video24,18,0.72
23468,23524,1,video24,57,2.28
23554,23585,1,video24,32,1.28
23632,23660,1,video24,29,1.16
23833,23848,1,video24,16,0.64
26580,26603,1,video24,24,0.96
27580,27595,1,video24,16,0.64
30104,30122,1,video24,19,0.76
30718,30739,1,video24,22,0.88
32232,32245,1,video24,14,0.56
32477,32518,1,video24,42,1.68
33036,33048,1,video24,13,0.52
33111,33135,1,video24,25,1.0
33232,33259,1,video24,28,1.12
33449,33496,1,video24,48,1.92
36351,36373,1,video24,23,0.92
36611,36635,1,video24,25,1.0
39239,39265,1,video24,27,1.08
119,157,0,video25,39,1.56
295,326,0,video25,32,1.28
421,445,0,video25,25,1.0
643,688,0,video25,46,1.84
1166,1209,0,video25,44,1.76
1362,1398,0,video25,37,1.48
1434,1465,1,video25,32,1.28
1533,1642,1,video25,110,4.4
1980,2018,1,video25,39,1.56
2061,2085,1,video25,25,1.0
2131,2160,1,video25,30,1.2
2840,2879,1,video25,40,1.6
5102,5142,1,video25,41,1.64
5930,5962,1,video25,33,1.32
6204,6233,1,video25,30,1.2
6444,6460,1,video25,17,0.68
8099,8141,1,video25,43,1.72
8630,8668,1,video25,39,1.56
13266,13290,0,video25,25,1.0
18515,18536,1,video25,22,0.88
18896,18914,1,video25,19,0.76
22769,22792,0,video25,24,0.96
22978,23018,0,video25,41,1.64
23060,23098,0,video25,39,1.56
24888,24930,0,video25,43,1.72
25154,25188,0,video25,35,1.4
25776,25819,0,video25,44,1.76
26281,26320,0,video25,40,1.6
27403,27429,0,video25,27,1.08
28339,28361,1,video25,23,0.92
29327,29341,1,video25,15,0.6
31497,31547,1,video25,51,2.04
32358,32416,1,video25,59,2.36
32471,32522,1,video25,52,2.08
32555,32674,1,video25,120,4.8
32763,32818,1,video25,56,2.24
33203,33261,1,video25,59,2.36
35321,35377,0,video25,57,2.28
36078,36124,1,video25,47,1.88
46035,46107,0,video25,73,2.92
46185,46233,0,video25,49,1.96
46353,46398,0,video25,46,1.84
46448,46486,0,video25,39,1.56
46755,46801,0,video25,47,1.88
47226,47344,1,video25,119,4.76
49660,49728,0,video25,69,2.76
51672,51733,0,video25,62,2.48
51972,52020,0,video25,49,1.96
280,321,0,video26,42,1.68
1010,1044,0,video26,35,1.4
1665,1696,0,video26,32,1.28
2304,2357,0,video26,54,2.16
2461,2500,0,video26,40,1.6
2798,2838,0,video26,41,1.64
3200,3248,1,video26,49,1.96
3451,3490,1,video26,40,1.6
3557,3580,1,video26,24,0.96
4282,4299,1,video26,18,0.72
7080,7104,0,video26,25,1.0
7148,7186,0,video26,39,1.56
7270,7337,0,video26,68,2.72
7446,7488,0,video26,43,1.72
7851,7905,0,video26,55,2.2
8172,8210,1,video26,39,1.56
9225,9253,1,video26,29,1.16
9691,9709,1,video26,19,0.76
11514,11532,1,video26,19,0.76
12332,12376,0,video26,45,1.8
18851,18878,0,video26,28,1.12
23230,23244,1,video26,15,0.6
24294,24311,1,video26,18,0.72
24407,24433,1,video26,27,1.08
25094,25118,1,video26,25,1.0
25458,25501,1,video26,44,1.76
25559,25593,1,video26,35,1.4
27569,27624,1,video26,56,2.24
31394,31422,1,video26,29,1.16
40501,40520,1,video26,20,0.8
40724,40741,1,video26,18,0.72
41317,41358,1,video26,42,1.68
28,69,0,video27,42,1.68
242,274,0,video27,33,1.32
449,491,0,video27,43,1.72
919,962,0,video27,44,1.76
1649,1694,0,video27,46,1.84
2236,2266,0,video27,31,1.24
2685,2712,1,video27,28,1.12
2897,2934,0,video27,38,1.52
3092,3107,1,video27,16,0.64
3331,3352,1,video27,22,0.88
3689,3729,0,video27,41,1.64
4388,4404,1,video27,17,0.68
4622,4647,1,video27,26,1.04
6284,6309,1,video27,26,1.04
6398,6421,1,video27,24,0.96
6923,6936,1,video27,14,0.56
7400,7418,1,video27,19,0.76
15134,15160,0,video27,27,1.08
16181,16207,0,video27,27,1.08
18321,18347,1,video27,27,1.08
19061,19086,0,video27,26,1.04
19169,19196,1,video27,28,1.12
21041,21052,1,video27,12,0.48
22722,22755,0,video27,34,1.36
22905,22934,0,video27,30,1.2
23055,23087,0,video27,33,1.32
23224,23248,0,video27,25,1.0
23325,23346,1,video27,22,0.88
35804,35830,0,video27,27,1.08
39491,39572,1,video27,82,3.28
39791,39823,1,video27,33,1.32
42773,42801,1,video27,29,1.16
43173,43231,1,video27,59,2.36
43278,43312,1,video27,35,1.4
43384,43414,1,video27,31,1.24
43589,43623,1,video27,35,1.4
43737,43774,1,video27,38,1.52
84,123,0,video28,40,1.6
566,623,0,video28,58,2.32
671,740,0,video28,70,2.8
1074,1124,0,video28,51,2.04
1260,1333,1,video28,74,2.96
1389,1437,1,video28,49,1.96
1600,1642,0,video28,43,1.72
2111,2170,1,video28,60,2.4
2558,2583,0,video28,26,1.04
3059,3112,1,video28,54,2.16
3662,3721,1,video28,60,2.4
5370,5416,0,video28,47,1.88
5530,5564,0,video28,35,1.4
6292,6317,1,video28,26,1.04
7125,7217,1,video28,93,3.72
8266,8316,1,video28,51,2.04
11143,11187,1,video28,45,1.8
14350,14381,1,video28,32,1.28
18438,18491,0,video28,54,2.16
18745,18801,0,video28,57,2.28
19268,19330,0,video28,63,2.52
19642,19694,0,video28,53,2.12
19834,19853,0,video28,20,0.8
22547,22588,1,video28,42,1.68
24655,24692,1,video28,38,1.52
25978,25999,0,video28,22,0.88
27851,27875,1,video28,25,1.0
77,111,0,video29,35,1.4
296,338,1,video29,43,1.72
1782,1857,1,video29,76,3.04
2032,2103,1,video29,72,2.88
2328,2349,1,video29,22,0.88
3796,3827,1,video29,32,1.28
4645,4683,0,video29,39,1.56
4729,4774,0,video29,46,1.84
4864,4917,0,video29,54,2.16
4968,5008,0,video29,41,1.64
5042,5094,1,video29,53,2.12
5414,5459,1,video29,46,1.84
7458,7495,1,video29,38,1.52
9121,9206,1,video29,86,3.44
10174,10205,0,video29,32,1.28
12452,12495,0,video29,44,1.76
13246,13284,0,video29,39,1.56
13607,13636,0,video29,30,1.2
14133,14190,0,video29,58,2.32
14676,14708,0,video29,33,1.32
17432,17459,0,video29,28,1.12
20824,20859,1,video29,36,1.44
27906,27941,0,video29,36,1.44
28002,28063,1,video29,62,2.48
28161,28198,1,video29,38,1.52
35780,35822,1,video29,43,1.72
36422,36446,1,video29,25,1.0
44968,45006,0,video29,39,1.56
45305,45345,0,video29,41,1.64
48860,48908,0,video29,49,1.96
111,154,0,video30,44,1.76
242,281,0,video30,40,1.6
649,697,0,video30,49,1.96
1061,1142,0,video30,82,3.28
1456,1499,0,video30,44,1.76
1681,1726,1,video30,46,1.84
2338,2459,1,video30,122,4.88
3931,4025,1,video30,95,3.8
8935,8990,0,video30,56,2.24
9430,9479,0,video30,50,2.0
11969,12005,0,video30,37,1.48
12129,12186,0,video30,58,2.32
13983,14024,0,video30,42,1.68
14414,14465,0,video30,52,2.08
15270,15322,0,video30,53,2.12
16217,16234,1,video30,18,0.72
23134,23174,0,video30,41,1.64
27594,27630,0,video30,37,1.48
31692,31714,1,video30,23,0.92
31819,31845,1,video30,27,1.08
31958,32001,1,video30,44,1.76
33235,33277,0,video30,43,1.72
35379,35422,1,video30,44,1.76
38238,38247,1,video30,10,0.4
44234,44251,1,video30,18,0.72
52420,52477,1,video30,58,2.32
61651,61697,1,video30,47,1.88
61829,61856,1,video30,28,1.12
43,85,0,video31,43,1.72
364,400,0,video31,37,1.48
614,662,0,video31,49,1.96
2096,2151,0,video31,56,2.24
3862,3908,0,video31,47,1.88
4076,4125,0,video31,50,2.0
4322,4360,0,video31,39,1.56
4616,4763,1,video31,148,5.92
7868,7905,0,video31,38,1.52
10338,10356,0,video31,19,0.76
13053,13103,1,video31,51,2.04
13126,13165,1,video31,40,1.6
13223,13262,1,video31,40,1.6
15935,15968,0,video31,34,1.36
16090,16131,0,video31,42,1.68
19473,19517,0,video31,45,1.8
22638,22666,0,video31,29,1.16
24970,24998,1,video31,29,1.16
46195,46227,1,video31,33,1.32
57205,57255,1,video31,51,2.04
58085,58116,1,video31,32,1.28
94190,94208,1,video31,19,0.76
94236,94273,1,video31,38,1.52
94301,94391,1,video31,91,3.64
90,119,1,video32,30,1.2
370,408,1,video32,39,1.56
1530,1563,1,video32,34,1.36
2700,2747,0,video32,48,1.92
2962,3003,0,video32,42,1.68
3237,3262,1,video32,26,1.04
4130,4153,1,video32,24,0.96
5291,5332,0,video32,42,1.68
5403,5458,0,video32,56,2.24
7469,7498,1,video32,30,1.2
8611,8649,1,video32,39,1.56
9429,9452,1,video32,24,0.96
9467,9486,1,video32,20,0.8
10305,10333,0,video32,29,1.16
12873,12914,0,video32,42,1.68
14294,14338,0,video32,45,1.8
15359,15388,1,video32,30,1.2
15577,15596,0,video32,20,0.8
18304,18328,0,video32,25,1.0
19754,19783,0,video32,30,1.2
23089,23115,0,video32,27,1.08
23182,23218,0,video32,37,1.48
25895,25925,0,video32,31,1.24
27674,27704,0,video32,31,1.24
28100,28126,0,video32,27,1.08
29113,29158,1,video32,46,1.84
31195,31362,1,video32,168,6.72
31515,31596,1,video32,82,3.28
31631,31683,1,video32,53,2.12
36267,36304,1,video32,38,1.52
41161,41201,1,video32,41,1.64
46072,46136,0,video32,65,2.6
46888,46949,0,video32,62,2.48
49659,49718,0,video32,60,2.4
22,39,1,video33,18,0.72
184,210,1,video33,27,1.08
340,358,1,video33,19,0.76
1970,2007,1,video33,38,1.52
3627,3689,0,video33,63,2.52
7395,7432,1,video33,38,1.52
8100,8188,0,video33,89,3.56
8941,8998,0,video33,58,2.32
10728,10827,0,video33,100,4.0
12790,12847,0,video33,58,2.32
14608,14631,1,video33,24,0.96
14687,14713,1,video33,27,1.08
17171,17223,0,video33,53,2.12
17513,17582,0,video33,70,2.8
19149,19188,1,video33,40,1.6
24991,25039,1,video33,49,1.96
26019,26061,1,video33,43,1.72
26365,26452,1,video33,88,3.52
26595,26659,1,video33,65,2.6
26889,26924,1,video33,36,1.44
30753,30796,0,video33,44,1.76
115,167,0,video34,53,2.12
309,389,0,video34,81,3.24
941,987,1,video34,47,1.88
1185,1238,1,video34,54,2.16
1836,1904,1,video34,69,2.76
2501,2570,1,video34,70,2.8
3274,3296,1,video34,23,0.92
4750,4806,1,video34,57,2.28
6359,6399,1,video34,41,1.64
7757,7790,1,video34,34,1.36
14728,14758,1,video34,31,1.24
16955,16994,1,video34,40,1.6
22120,22150,1,video34,31,1.24
30012,30074,0,video34,63,2.52
30166,30197,1,video34,32,1.28
30974,31053,0,video34,80,3.2
31316,31371,0,video34,56,2.24
31555,31622,0,video34,68,2.72
31781,31851,0,video34,71,2.84
32028,32066,0,video34,39,1.56
119,178,0,video35,60,2.4
240,301,0,video35,62,2.48
368,408,0,video35,41,1.64
477,508,0,video35,32,1.28
621,644,0,video35,24,0.96
703,726,0,video35,24,0.96
998,1014,0,video35,17,0.68
2296,2343,1,video35,48,1.92
2698,2763,1,video35,66,2.64
11083,11102,1,video35,20,0.8
13287,13317,0,video35,31,1.24
21347,21360,1,video35,14,0.56
26477,26502,1,video35,26,1.04
29143,29175,0,video35,33,1.32
31080,31132,0,video35,53,2.12
36868,36943,1,video35,76,3.04
43068,43117,1,video35,50,2.0
44312,44411,1,video35,100,4.0
44440,44475,1,video35,36,1.44
44570,44646,1,video35,77,3.08
44664,44698,1,video35,35,1.4
48476,48514,0,video35,39,1.56
49955,49998,0,video35,44,1.76
51220,51267,0,video35,48,1.92
430,489,0,video36,60,2.4
686,758,0,video36,73,2.92
1663,1705,0,video36,43,1.72
3044,3093,0,video36,50,2.0
3710,3765,0,video36,56,2.24
5276,5319,0,video36,44,1.76
5863,5904,0,video36,42,1.68
6001,6053,0,video36,53,2.12
6327,6373,1,video36,47,1.88
6422,6688,1,video36,267,10.68
6816,6874,1,video36,59,2.36
7554,7600,0,video36,47,1.88
10392,10442,0,video36,51,2.04
10673,10716,0,video36,44,1.76
13245,13267,1,video36,23,0.92
16136,16170,1,video36,35,1.4
17335,17352,0,video36,18,0.72
30902,30934,1,video36,33,1.32
35199,35240,1,video36,42,1.68
36902,36920,1,video36,19,0.76
43696,43729,1,video36,34,1.36
45285,45302,1,video36,18,0.72
56056,56097,1,video36,42,1.68
169,218,0,video37,50,2.0
310,377,0,video37,68,2.72
541,566,0,video37,26,1.04
729,778,0,video37,50,2.0
951,1005,0,video37,55,2.2
1863,1929,1,video37,67,2.68
2497,2543,1,video37,47,1.88
3653,3728,0,video37,76,3.04
6120,6166,0,video37,47,1.88
7349,7362,1,video37,14,0.56
11112,11157,1,video37,46,1.84
13581,13619,1,video37,39,1.56
17840,17890,0,video37,51,2.04
18877,18924,0,video37,48,1.92
22445,22501,1,video37,57,2.28
23450,23472,1,video37,23,0.92
24894,24960,1,video37,67,2.68
25003,25104,1,video37,102,4.08
25140,25169,1,video37,30,1.2
26328,26377,1,video37,50,2.0
26979,27016,1,video37,38,1.52
27611,27635,1,video37,25,1.0
27878,27909,1,video37,32,1.28
29548,29601,0,video37,54,2.16
897,917,1,video38,21,0.84
1257,1287,1,video38,31,1.24
1569,1614,1,video38,46,1.84
2975,3008,1,video38,34,1.36
3198,3230,1,video38,33,1.32
3354,3374,1,video38,21,0.84
3460,3483,1,video38,24,0.96
5116,5152,1,video38,37,1.48
6544,6601,1,video38,58,2.32
7285,7333,0,video38,49,1.96
8311,8329,1,video38,19,0.76
9657,9702,0,video38,46,1.84
11640,11753,0,video38,114,4.56
12873,12918,0,video38,46,1.84
13203,13243,1,video38,41,1.64
15443,15476,0,video38,34,1.36
20270,20296,1,video38,27,1.08
28835,28865,0,video38,31,1.24
40837,40881,0,video38,45,1.8
41278,41326,0,video38,49,1.96
53330,53377,0,video38,48,1.92
54841,54919,1,video38,79,3.16
66729,66800,0,video38,72,2.88
67397,67484,1,video38,88,3.52
332,371,0,video39,40,1.6
594,640,0,video39,47,1.88
721,761,0,video39,41,1.64
1045,1122,0,video39,78,3.12
1250,1286,0,video39,37,1.48
1488,1548,0,video39,61,2.44
2139,2162,1,video39,24,0.96
2256,2303,1,video39,48,1.92
2627,2687,1,video39,61,2.44
5246,5269,1,video39,24,0.96
10511,10589,1,video39,79,3.16
10763,10918,1,video39,156,6.24
12213,12271,0,video39,59,2.36
12404,12452,0,video39,49,1.96
17532,17581,0,video39,50,2.0
17671,17721,0,video39,51,2.04
18055,18093,1,video39,39,1.56
18314,18361,0,video39,48,1.92
19557,19591,1,video39,35,1.4
20667,20693,0,video39,27,1.08
21205,21239,0,video39,35,1.4
21770,21802,0,video39,33,1.32
24239,24278,0,video39,40,1.6
25043,25054,1,video39,12,0.48
32280,32320,1,video39,41,1.64
38102,38144,0,video39,43,1.72
312,384,0,video40,73,2.92
1202,1254,0,video40,53,2.12
1745,1789,0,video40,45,1.8
2032,2103,0,video40,72,2.88
4233,4293,0,video40,61,2.44
5460,5502,0,video40,43,1.72
6085,6119,0,video40,35,1.4
6468,6497,0,video40,30,1.2
7194,7220,0,video40,27,1.08
7897,7921,1,video40,25,1.0
8032,8065,1,video40,34,1.36
13398,13444,1,video40,47,1.88
15210,15269,1,video40,60,2.4
17096,17114,1,video40,19,0.76
23041,23074,0,video40,34,1.36
31083,31128,0,video40,46,1.84
38480,38530,1,video40,51,2.04
38918,38979,1,video40,62,2.48
39242,39288,1,video40,47,1.88
39767,39849,1,video40,83,3.32
40445,40470,1,video40,26,1.04
42976,43010,1,video40,35,1.4
48829,48855,1,video40,27,1.08
88,148,0,video41,61,2.44
493,548,0,video41,56,2.24
5066,5119,0,video41,54,2.16
5700,5727,0,video41,28,1.12
6912,6937,0,video41,26,1.04
7364,7398,0,video41,35,1.4
7672,7710,0,video41,39,1.56
8105,8134,0,video41,30,1.2
8532,8596,0,video41,65,2.6
12409,12460,1,video41,52,2.08
14569,14600,1,video41,32,1.28
15528,15551,1,video41,24,0.96
16670,16698,1,video41,29,1.16
17578,17617,0,video41,40,1.6
19061,19107,1,video41,47,1.88
22120,22155,1,video41,36,1.44
26758,26866,1,video41,109,4.36
27470,27502,1,video41,33,1.32
29389,29452,1,video41,64,2.56
38609,38635,0,video41,27,1.08
40855,40899,0,video41,45,1.8
47009,47046,1,video41,38,1.52
51356,51395,1,video41,40,1.6
55407,55430,1,video41,24,0.96
68317,68346,1,video41,30,1.2
71517,71551,0,video41,35,1.4
50,85,0,video42,36,1.44
281,319,0,video42,39,1.56
666,705,0,video42,40,1.6
1347,1393,0,video42,47,1.88
2178,2210,0,video42,33,1.32
2558,2607,0,video42,50,2.0
4328,4369,0,video42,42,1.68
5478,5521,0,video42,44,1.76
5870,5906,1,video42,37,1.48
6276,6370,1,video42,95,3.8
8103,8136,0,video42,34,1.36
10531,10551,1,video42,21,0.84
12650,12671,1,video42,22,0.88
12678,12691,1,video42,14,0.56
17091,17128,0,video42,38,1.52
19920,19937,0,video42,18,0.72
21830,21859,0,video42,30,1.2
24460,24495,0,video42,36,1.44
28904,28944,1,video42,41,1.64
32741,32754,1,video42,14,0.56
36521,36548,1,video42,28,1.12
39677,39719,1,video42,43,1.72
54476,54492,1,video42,17,0.68
59492,59502,1,video42,11,0.44
62313,62327,1,video42,15,0.6
69007,69027,1,video42,21,0.84
71247,71263,1,video42,17,0.68
74931,74961,1,video42,31,1.24
83432,83466,1,video42,35,1.4
85641,85663,1,video42,23,0.92
87799,87826,0,video42,28,1.12
89736,89761,1,video42,26,1.04
49,78,0,video43,30,1.2
266,305,0,video43,40,1.6
1354,1389,0,video43,36,1.44
2492,2526,1,video43,35,1.4
3016,3037,1,video43,22,0.88
3131,3196,1,video43,66,2.64
3732,3760,1,video43,29,1.16
3873,3885,1,video43,13,0.52
4223,4261,1,video43,39,1.56
9306,9371,1,video43,66,2.64
10242,10256,1,video43,15,0.6
11062,11099,0,video43,38,1.52
11255,11291,0,video43,37,1.48
11404,11454,0,video43,51,2.04
11583,11658,1,video43,76,3.04
11792,11848,1,video43,57,2.28
12132,12197,1,video43,66,2.64
13834,13884,0,video43,51,2.04
16794,16845,0,video43,52,2.08
19926,19940,1,video43,15,0.6
20034,20049,1,video43,16,0.64
20286,20308,1,video43,23,0.92
22028,22062,1,video43,35,1.4
24212,24254,0,video43,43,1.72
26256,26330,0,video43,75,3.0
40847,40892,1,video43,46,1.84
41063,41078,1,video43,16,0.64
48622,48682,0,video43,61,2.44
51002,51046,1,video43,45,1.8
214,251,0,video44,38,1.52
366,434,0,video44,69,2.76
577,631,0,video44,55,2.2
1503,1561,0,video44,59,2.36
2763,2801,0,video44,39,1.56
3156,3220,0,video44,65,2.6
3831,3871,0,video44,41,1.64
4300,4335,1,video44,36,1.44
4548,4604,1,video44,57,2.28
4845,4892,1,video44,48,1.92
4905,4932,1,video44,28,1.12
5375,5407,0,video44,33,1.32
8814,8867,0,video44,54,2.16
13834,13865,1,video44,32,1.28
20815,20836,1,video44,22,0.88
30810,30877,0,video44,68,2.72
31334,31421,0,video44,88,3.52
31955,31995,0,video44,41,1.64
36230,36268,1,video44,39,1.56
39224,39235,1,video44,12,0.48
39414,39438,1,video44,25,1.0
44311,44329,1,video44,19,0.76
46643,46664,1,video44,22,0.88
49834,49847,1,video44,14,0.56
52643,52661,1,video44,19,0.76
53042,53057,1,video44,16,0.64
57554,57571,1,video44,18,0.72
64980,65002,1,video44,23,0.92
66295,66308,1,video44,14,0.56
66879,66908,1,video44,30,1.2
68947,68965,1,video44,19,0.76
69974,69987,1,video44,14,0.56
69997,70007,1,video44,11,0.44
284,322,0,video45,39,1.56
451,500,0,video45,50,2.0
798,864,0,video45,67,2.68
1073,1110,0,video45,38,1.52
1401,1448,0,video45,48,1.92
1838,1884,0,video45,47,1.88
2246,2308,1,video45,63,2.52
2563,2578,1,video45,16,0.64
2723,2745,1,video45,23,0.92
2915,2941,1,video45,27,1.08
3791,3806,0,video45,16,0.64
5869,5882,1,video45,14,0.56
6862,6886,1,video45,25,1.0
7500,7515,1,video45,16,0.64
9595,9612,1,video45,18,0.72
13797,13818,1,video45,22,0.88
14347,14370,1,video45,24,0.96
16885,16921,1,video45,37,1.48
33828,33851,1,video45,24,0.96
43200,43220,1,video45,21,0.84
45555,45609,0,video45,55,2.2
48299,48335,1,video45,37,1.48
51564,51585,1,video45,22,0.88
55634,55661,0,video45,28,1.12
58608,58643,1,video45,36,1.44
61577,61615,0,video45,39,1.56
63622,63645,0,video45,24,0.96
65999,66036,1,video45,38,1.52
70657,70681,1,video45,25,1.0
71999,72079,1,video45,81,3.24
72101,72123,1,video45,23,0.92
74028,74056,0,video45,29,1.16
75740,75771,0,video45,32,1.28
333,389,0,video46,57,2.28
2024,2092,0,video46,69,2.76
2244,2298,0,video46,55,2.2
2559,2581,0,video46,23,0.92
2674,2699,0,video46,26,1.04
2775,2794,1,video46,20,0.8
2938,2971,1,video46,34,1.36
3322,3380,1,video46,59,2.36
4115,4180,0,video46,66,2.64
4269,4294,1,video46,26,1.04
4361,4403,1,video46,43,1.72
4456,4546,1,video46,91,3.64
5941,5962,1,video46,22,0.88
6106,6224,1,video46,119,4.76
11518,11537,1,video46,20,0.8
15824,15898,0,video46,75,3.0
16020,16073,0,video46,54,2.16
16249,16325,0,video46,77,3.08
16694,16726,0,video46,33,1.32
17280,17316,0,video46,37,1.48
17784,17845,1,video46,62,2.48
29211,29260,1,video46,50,2.0
35433,35474,1,video46,42,1.68
36914,36954,0,video46,41,1.64
36997,37046,0,video46,50,2.0
63,133,0,video47,71,2.84
340,392,0,video47,53,2.12
810,841,1,video47,32,1.28
2515,2532,1,video47,18,0.72
2734,2773,1,video47,40,1.6
2873,2930,1,video47,58,2.32
5159,5192,1,video47,34,1.36
5646,5661,1,video47,16,0.64
6681,6850,1,video47,170,6.8
6964,7007,1,video47,44,1.76
7085,7124,1,video47,40,1.6
9219,9262,0,video47,44,1.76
10870,10890,1,video47,21,0.84
11460,11486,1,video47,27,1.08
19313,19332,0,video47,20,0.8
19385,19428,0,video47,44,1.76
19531,19587,0,video47,57,2.28
24535,24551,1,video47,17,0.68
34699,34746,0,video47,48,1.92
48877,48958,0,video47,82,3.28
49326,49384,0,video47,59,2.36
49766,49793,1,video47,28,1.12
52768,52839,0,video47,72,2.88
987,1027,0,video48,41,1.64
3081,3155,0,video48,75,3.0
4342,4377,1,video48,36,1.44
8756,8788,0,video48,33,1.32
10199,10259,0,video48,61,2.44
10630,10689,0,video48,60,2.4
12799,12831,0,video48,33,1.32
13153,13199,0,video48,47,1.88
17124,17150,0,video48,27,1.08
19039,19052,1,video48,14,0.56
21933,21962,0,video48,30,1.2
24349,24393,0,video48,45,1.8
26947,27004,0,video48,58,2.32
29422,29502,0,video48,81,3.24
37460,37523,1,video48,64,2.56
37556,37605,1,video48,50,2.0
38617,38646,1,video48,30,1.2
39398,39423,1,video48,26,1.04
39448,39522,1,video48,75,3.0
39561,39732,1,video48,172,6.88
41533,41571,0,video48,39,1.56
43152,43196,0,video48,45,1.8
43643,43829,1,video48,187,7.48
152,209,0,video49,58,2.32
296,358,0,video49,63,2.52
732,782,0,video49,51,2.04
1088,1141,0,video49,54,2.16
2285,2319,0,video49,35,1.4
2492,2520,1,video49,29,1.16
2733,2767,1,video49,35,1.4
2881,2904,1,video49,24,0.96
3640,3665,1,video49,26,1.04
6200,6234,1,video49,35,1.4
8399,8416,1,video49,18,0.72
8829,8850,1,video49,22,0.88
8947,8968,1,video49,22,0.88
9408,9436,0,video49,29,1.16
11861,11884,0,video49,24,0.96
12048,12071,0,video49,24,0.96
13217,13238,0,video49,22,0.88
13617,13633,1,video49,17,0.68
13701,13732,1,video49,32,1.28
13891,13926,1,video49,36,1.44
14227,14265,1,video49,39,1.56
14927,14956,1,video49,30,1.2
15079,15116,1,video49,38,1.52
19480,19511,0,video49,32,1.28
20091,20132,1,video49,42,1.68
21408,21445,1,video49,38,1.52
21627,21654,1,video49,28,1.12
23094,23118,0,video49,25,1.0
28818,28849,0,video49,32,1.28
29948,29971,0,video49,24,0.96
33774,33801,0,video49,28,1.12
35961,35977,0,video49,17,0.68
157,202,0,video50,46,1.84
536,561,0,video50,26,1.04
1386,1459,0,video50,74,2.96
1515,1545,0,video50,31,1.24
1669,1749,0,video50,81,3.24
1952,1971,1,video50,20,0.8
2192,2234,1,video50,43,1.72
2509,2551,1,video50,43,1.72
2599,2691,1,video50,93,3.72
3423,3444,1,video50,22,0.88
4279,4311,1,video50,33,1.32
5427,5448,1,video50,22,0.88
10890,10909,1,video50,20,0.8
11543,11553,1,video50,11,0.44
11894,11918,1,video50,25,1.0
13398,13433,0,video50,36,1.44
13497,13576,1,video50,80,3.2
15124,15144,0,video50,21,0.84
15621,15645,0,video50,25,1.0
16006,16034,0,video50,29,1.16
16559,16608,0,video50,50,2.0
16716,16762,0,video50,47,1.88
16948,17015,0,video50,68,2.72
17771,17801,1,video50,31,1.24
22576,22617,1,video50,42,1.68
24718,24753,1,video50,36,1.44
3787,3847,0,video51,61,2.44
5601,5648,0,video51,48,1.92
5871,5915,0,video51,45,1.8
5984,6037,0,video51,54,2.16
7112,7129,1,video51,18,0.72
8034,8064,1,video51,31,1.24
9127,9175,0,video51,49,1.96
9683,9749,0,video51,67,2.68
13018,13030,1,video51,13,0.52
16431,16455,1,video51,25,1.0
17082,17110,1,video51,29,1.16
21842,21872,0,video51,31,1.24
25922,25951,1,video51,30,1.2
32013,32036,1,video51,24,0.96
32475,32493,1,video51,19,0.76
44067,44115,0,video51,49,1.96
47314,47366,0,video51,53,2.12
49458,49490,0,video51,33,1.32
55636,55680,1,video51,45,1.8
55751,55779,1,video51,29,1.16
59651,59704,1,video51,54,2.16
60068,60093,1,video51,26,1.04
60672,60699,1,video51,28,1.12
61040,61083,1,video51,44,1.76
61471,61493,1,video51,23,0.92
62585,62623,1,video51,39,1.56
64506,64559,1,video51,54,2.16
64576,64632,1,video51,57,2.28
67670,67703,0,video51,34,1.36
73,131,0,video52,59,2.36
245,298,0,video52,54,2.16
542,586,0,video52,45,1.8
1593,1646,0,video52,54,2.16
2513,2574,0,video52,62,2.48
2921,2963,0,video52,43,1.72
4254,4298,1,video52,45,1.8
14979,15035,0,video52,57,2.28
15188,15231,0,video52,44,1.76
25440,25484,1,video52,45,1.8
26571,26622,1,video52,52,2.08
29527,29554,1,video52,28,1.12
29588,29629,1,video52,42,1.68
29668,29735,1,video52,68,2.72
30618,30715,1,video52,98,3.92
31840,31893,1,video52,54,2.16
32111,32145,1,video52,35,1.4
32874,33008,1,video52,135,5.4
33050,33157,1,video52,108,4.32
33244,33320,1,video52,77,3.08
33858,33921,1,video52,64,2.56
34402,34511,1,video52,110,4.4
36937,37011,0,video52,75,3.0
40438,40500,0,video52,63,2.52
46639,46699,0,video52,61,2.44
258,303,0,video53,46,1.84
420,454,0,video53,35,1.4
1493,1556,0,video53,64,2.56
2043,2068,1,video53,26,1.04
2383,2396,1,video53,14,0.56
2567,2611,0,video53,45,1.8
3136,3178,1,video53,43,1.72
3234,3270,1,video53,37,1.48
3528,3584,1,video53,57,2.28
3702,3748,1,video53,47,1.88
5384,5441,1,video53,58,2.32
7115,7171,0,video53,57,2.28
7337,7360,0,video53,24,0.96
7450,7474,0,video53,25,1.0
7670,7689,0,video53,20,0.8
9679,9728,1,video53,50,2.0
21765,21808,0,video53,44,1.76
30576,30616,0,video53,41,1.64
42877,42893,1,video53,17,0.68
43047,43068,1,video53,22,0.88
43848,43869,1,video53,22,0.88
49756,49778,0,video53,23,0.92
63682,63704,1,video53,23,0.92
67605,67627,0,video53,23,0.92
68385,68460,1,video53,76,3.04
68497,68510,1,video53,14,0.56
69422,69439,0,video53,18,0.72
70428,70469,0,video53,42,1.68
70774,70798,0,video53,25,1.0
71135,71166,0,video53,32,1.28
59,124,0,video54,66,2.64
388,439,0,video54,52,2.08
667,742,0,video54,76,3.04
1654,1704,0,video54,51,2.04
2738,2777,0,video54,40,1.6
6662,6676,1,video54,15,0.6
6975,7005,1,video54,31,1.24
11257,11284,0,video54,28,1.12
23668,23689,1,video54,22,0.88
24375,24427,1,video54,53,2.12
24807,24827,0,video54,21,0.84
25069,25106,1,video54,38,1.52
34558,34580,0,video54,23,0.92
35087,35123,0,video54,37,1.48
38058,38077,1,video54,20,0.8
39042,39062,1,video54,21,0.84
40516,40549,1,video54,34,1.36
41378,41424,0,video54,47,1.88
45540,45598,1,video54,59,2.36
49875,49925,1,video54,51,2.04
50047,50070,1,video54,24,0.96
62583,62610,0,video54,28,1.12
64298,64343,0,video54,46,1.84
66349,66411,1,video54,63,2.52
66611,66687,1,video54,77,3.08
389,432,0,video55,44,1.76
545,591,0,video55,47,1.88
847,870,0,video55,24,0.96
960,991,1,video55,32,1.28
1583,1636,1,video55,54,2.16
1829,1863,1,video55,35,1.4
3143,3171,0,video55,29,1.16
3758,3775,1,video55,18,0.72
5037,5053,1,video55,17,0.68
6280,6307,1,video55,28,1.12
6356,6369,1,video55,14,0.56
11260,11288,0,video55,29,1.16
11960,11995,0,video55,36,1.44
12532,12592,0,video55,61,2.44
12966,12988,0,video55,23,0.92
13203,13251,0,video55,49,1.96
13367,13411,0,video55,45,1.8
13839,13876,0,video55,38,1.52
14767,14792,1,video55,26,1.04
15096,15123,1,video55,28,1.12
16269,16308,1,video55,40,1.6
16994,17021,1,video55,28,1.12
17041,17052,1,video55,12,0.48
18144,18176,1,video55,33,1.32
18536,18591,1,video55,56,2.24
19207,19233,1,video55,27,1.08
20273,20332,1,video55,60,2.4
23819,23866,0,video55,48,1.92
24337,24353,1,video55,17,0.68
24682,24723,0,video55,42,1.68
84,142,0,video56,59,2.36
249,304,0,video56,56,2.24
384,422,0,video56,39,1.56
446,489,0,video56,44,1.76
500,526,0,video56,27,1.08
565,609,0,video56,45,1.8
648,696,0,video56,49,1.96
749,789,0,video56,41,1.64
830,870,0,video56,41,1.64
966,996,0,video56,31,1.24
2277,2323,0,video56,47,1.88
2912,2953,1,video56,42,1.68
3296,3392,1,video56,97,3.88
7674,7740,1,video56,67,2.68
8864,8889,1,video56,26,1.04
11558,11589,1,video56,32,1.28
16364,16391,1,video56,28,1.12
19461,19493,1,video56,33,1.32
23939,23963,1,video56,25,1.0
28130,28158,1,video56,29,1.16
29053,29076,1,video56,24,0.96
32577,32615,0,video56,39,1.56
35509,35522,1,video56,14,0.56
35815,35868,1,video56,54,2.16
36019,36051,1,video56,33,1.32
132,170,0,video57,39,1.56
409,468,0,video57,60,2.4
1111,1147,0,video57,37,1.48
2840,2895,0,video57,56,2.24
3567,3655,0,video57,89,3.56
4118,4166,0,video57,49,1.96
4387,4579,1,video57,193,7.72
6117,6159,1,video57,43,1.72
8609,8718,1,video57,110,4.4
9935,9970,0,video57,36,1.44
13582,13601,1,video57,20,0.8
21468,21526,0,video57,59,2.36
24880,24917,0,video57,38,1.52
28356,28418,0,video57,63,2.52
30053,30110,0,video57,58,2.32
45110,45169,1,video57,60,2.4
46286,46341,1,video57,56,2.24
51330,51369,1,video57,40,1.6
57491,57550,1,video57,60,2.4
743,801,1,video58,59,2.36
1134,1172,0,video58,39,1.56
3614,3663,0,video58,50,2.0
5972,5995,1,video58,24,0.96
6174,6196,1,video58,23,0.92
6246,6284,1,video58,39,1.56
6360,6414,0,video58,55,2.2
6492,6536,0,video58,45,1.8
10712,10758,0,video58,47,1.88
15562,15609,0,video58,48,1.92
30998,31040,0,video58,43,1.72
31173,31202,1,video58,30,1.2
32159,32186,1,video58,28,1.12
43395,43412,1,video58,18,0.72
50412,50464,1,video58,53,2.12
58155,58209,0,video58,55,2.2
73136,73179,0,video58,44,1.76
88023,88048,0,video58,26,1.04
90676,90738,1,video58,63,2.52
100504,100558,0,video58,55,2.2
114448,114521,1,video58,74,2.96
123496,123529,1,video58,34,1.36
135093,135122,1,video58,30,1.2
147189,147232,1,video58,44,1.76
175,211,0,video59,37,1.48
504,557,0,video59,54,2.16
979,1031,0,video59,53,2.12
1117,1262,1,video59,146,5.84
1291,1348,1,video59,58,2.32
3092,3157,0,video59,66,2.64
12862,12908,0,video59,47,1.88
13849,13919,0,video59,71,2.84
14330,14381,0,video59,52,2.08
19664,19714,1,video59,51,2.04
20452,20508,1,video59,57,2.28
23548,23681,1,video59,134,5.36
23914,23977,1,video59,64,2.56
24857,24920,0,video59,64,2.56
25014,25094,0,video59,81,3.24
265,320,0,video60,56,2.24
545,573,0,video60,29,1.16
7103,7147,0,video60,45,1.8
8095,8160,0,video60,66,2.64
8340,8429,1,video60,90,3.6
10349,10413,0,video60,65,2.6
12472,12491,1,video60,20,0.8
13046,13094,1,video60,49,1.96
14080,14134,1,video60,55,2.2
16795,16846,0,video60,52,2.08
22247,22273,1,video60,27,1.08
25626,25700,1,video60,75,3.0
27803,27835,1,video60,33,1.32
32688,32741,1,video60,54,2.16
35189,35262,0,video60,74,2.96
35613,35659,0,video60,47,1.88
36973,37005,0,video60,33,1.32
38336,38400,1,video60,65,2.6
46244,46287,0,video60,44,1.76
56260,56288,1,video60,29,1.16
56512,56539,1,video60,28,1.12
97,143,0,video61,47,1.88
486,531,0,video61,46,1.84
1717,1770,0,video61,54,2.16
2828,2864,0,video61,37,1.48
4713,4772,0,video61,60,2.4
8383,8457,0,video61,75,3.0
10271,10327,0,video61,57,2.28
11999,12020,1,video61,22,0.88
12311,12335,1,video61,25,1.0
13890,13918,1,video61,29,1.16
16356,16409,1,video61,54,2.16
17079,17105,1,video61,27,1.08
18541,18562,1,video61,22,0.88
19107,19133,1,video61,27,1.08
23039,23080,1,video61,42,1.68
27367,27419,0,video61,53,2.12
32760,32791,1,video61,32,1.28
37152,37223,0,video61,72,2.88
44861,44877,1,video61,17,0.68
45109,45126,1,video61,18,0.72
48752,48776,1,video61,25,1.0
62475,62493,1,video61,19,0.76
65834,65852,1,video61,19,0.76
91042,91096,0,video61,55,2.2
100172,100198,1,video61,27,1.08
103104,103137,1,video61,34,1.36
107105,107231,1,video61,127,5.08
43,83,0,video62,41,1.64
394,435,0,video62,42,1.68
3581,3618,1,video62,38,1.52
10093,10145,0,video62,53,2.12
10508,10536,0,video62,29,1.16
11569,11602,0,video62,34,1.36
11872,11887,1,video62,16,0.64
12389,12417,0,video62,29,1.16
13380,13400,1,video62,21,0.84
20130,20180,1,video62,51,2.04
20604,20617,1,video62,14,0.56
23565,23618,1,video62,54,2.16
25227,25259,1,video62,33,1.32
28775,28821,0,video62,47,1.88
29234,29290,0,video62,57,2.28
29327,29355,1,video62,29,1.16
33906,33925,1,video62,20,0.8
34010,34036,1,video62,27,1.08
36326,36337,1,video62,12,0.48
42283,42329,1,video62,47,1.88
42395,42426,1,video62,32,1.28
45002,45023,1,video62,22,0.88
45683,45719,1,video62,37,1.48
46563,46619,1,video62,57,2.28
48342,48394,0,video62,53,2.12
49095,49139,0,video62,45,1.8
49675,49716,0,video62,42,1.68
50135,50174,0,video62,40,1.6
50603,50631,0,video62,29,1.16
43,103,0,video63,61,2.44
344,380,0,video63,37,1.48
4068,4101,0,video63,34,1.36
5930,5964,0,video63,35,1.4
6063,6109,0,video63,47,1.88
15192,15231,1,video63,40,1.6
28020,28064,1,video63,45,1.8
43472,43513,1,video63,42,1.68
43536,43559,1,video63,24,0.96
47110,47135,0,video63,26,1.04
61036,61097,0,video63,62,2.48
66455,66483,1,video63,29,1.16
68021,68044,0,video63,24,0.96
74243,74254,1,video63,12,0.48
74473,74513,1,video63,41,1.64
77867,77927,0,video63,61,2.44
79480,79507,0,video63,28,1.12
79915,79969,0,video63,55,2.2
80948,80979,0,video63,32,1.28
83177,83218,0,video63,42,1.68
83946,84049,1,video63,104,4.16
84242,84346,1,video63,105,4.2
84428,84453,1,video63,26,1.04
84696,84737,1,video63,42,1.68
36,85,0,video64,50,2.0
277,331,0,video64,55,2.2
744,785,0,video64,42,1.68
1561,1606,0,video64,46,1.84
2183,2220,0,video64,38,1.52
3207,3300,1,video64,94,3.76
5685,5721,1,video64,37,1.48
9088,9141,0,video64,54,2.16
13916,14005,1,video64,90,3.6
19075,19097,1,video64,23,0.92
22185,22221,0,video64,37,1.48
25581,25629,0,video64,49,1.96
30507,30590,0,video64,84,3.36
30734,30749,1,video64,16,0.64
43253,43314,0,video64,62,2.48
51429,51683,1,video64,255,10.2
1407,1454,0,video65,48,1.92
1860,1887,0,video65,28,1.12
3224,3300,0,video65,77,3.08
5344,5408,0,video65,65,2.6
5576,5624,0,video65,49,1.96
5890,5925,0,video65,36,1.44
6169,6220,0,video65,52,2.08
7589,7628,1,video65,40,1.6
7910,7937,1,video65,28,1.12
15062,15085,1,video65,24,0.96
16256,16273,1,video65,18,0.72
19078,19155,1,video65,78,3.12
25402,25439,1,video65,38,1.52
32158,32193,1,video65,36,1.44
32410,32516,1,video65,107,4.28
38750,38763,1,video65,14,0.56
39638,39677,1,video65,40,1.6
39800,39851,1,video65,52,2.08
40118,40160,1,video65,43,1.72
43421,43438,1,video65,18,0.72
44502,44549,0,video65,48,1.92
44703,44736,0,video65,34,1.36
45047,45090,0,video65,44,1.76
45477,45505,0,video65,29,1.16
125,178,0,video66,54,2.16
745,822,0,video66,78,3.12
1171,1239,1,video66,69,2.76
1868,1901,1,video66,34,1.36
2980,3000,1,video66,21,0.84
3736,3762,1,video66,27,1.08
4487,4522,1,video66,36,1.44
4997,5026,1,video66,30,1.2
6139,6180,0,video66,42,1.68
10922,10940,0,video66,19,0.76
14156,14300,0,video66,145,5.8
18731,18746,0,video66,16,0.64
18822,18852,0,video66,31,1.24
19208,19241,0,video66,34,1.36
19482,19515,0,video66,34,1.36
21076,21114,0,video66,39,1.56
23523,23555,1,video66,33,1.32
24529,24552,0,video66,24,0.96
26080,26103,1,video66,24,0.96
30820,30839,1,video66,20,0.8
31417,31457,1,video66,41,1.64
33392,33418,1,video66,27,1.08
44168,44251,1,video66,84,3.36
44265,44315,1,video66,51,2.04
44441,44519,1,video66,79,3.16
135,174,0,video67,40,1.6
1959,2015,0,video67,57,2.28
4102,4150,0,video67,49,1.96
4983,5025,0,video67,43,1.72
5380,5413,1,video67,34,1.36
5554,5603,1,video67,50,2.0
5656,5730,1,video67,75,3.0
8968,8999,0,video67,32,1.28
12880,12907,0,video67,28,1.12
14038,14086,1,video67,49,1.96
16835,16861,0,video67,27,1.08
20580,20590,1,video67,11,0.44
22931,22971,1,video67,41,1.64
24170,24192,1,video67,23,0.92
28284,28322,0,video67,39,1.56
29959,29998,0,video67,40,1.6
31995,32047,0,video67,53,2.12
34862,34890,0,video67,29,1.16
36871,36893,0,video67,23,0.92
37708,37727,1,video67,20,0.8
38440,38477,1,video67,38,1.52
45366,45389,1,video67,24,0.96
50987,51050,1,video67,64,2.56
56050,56132,1,video67,83,3.32
56272,56292,1,video67,21,0.84
56870,56894,0,video67,25,1.0
57608,57630,0,video67,23,0.92
376,423,0,video68,48,1.92
1140,1188,0,video68,49,1.96
1639,1688,0,video68,50,2.0
2205,2247,0,video68,43,1.72
2675,2742,0,video68,68,2.72
3306,3332,1,video68,27,1.08
3440,3467,1,video68,28,1.12
6635,6666,1,video68,32,1.28
15698,15732,1,video68,35,1.4
19344,19387,0,video68,44,1.76
25377,25438,0,video68,62,2.48
34089,34115,1,video68,27,1.08
36573,36594,1,video68,22,0.88
39867,39934,1,video68,68,2.72
40792,40873,1,video68,82,3.28
41179,41261,1,video68,83,3.32
42638,42671,0,video68,34,1.36
43498,43551,0,video68,54,2.16
44203,44246,1,video68,44,1.76
44280,44347,1,video68,68,2.72
45000,45055,0,video68,56,2.24
3783,3808,1,video69,26,1.04
4808,4867,1,video69,60,2.4
5210,5240,1,video69,31,1.24
5734,5757,1,video69,24,0.96
6158,6191,1,video69,34,1.36
7912,7936,1,video69,25,1.0
9602,9626,1,video69,25,1.0
10168,10205,1,video69,38,1.52
11050,11078,1,video69,29,1.16
12007,12023,1,video69,17,0.68
21481,21591,0,video69,111,4.44
36085,36106,1,video69,22,0.88
48906,49051,0,video69,146,5.84
61119,61137,1,video69,19,0.76
65779,65866,0,video69,88,3.52
74273,74324,1,video69,52,2.08
77278,77331,1,video69,54,2.16
85369,85402,1,video69,34,1.36
86323,86348,1,video69,26,1.04
93758,93769,1,video69,12,0.48
101766,101833,0,video69,68,2.72
103079,103125,0,video69,47,1.88
110202,110278,0,video69,77,3.08
110697,110749,0,video69,53,2.12
1444,1471,1,video70,28,1.12
1815,1864,1,video70,50,2.0
2743,2787,1,video70,45,1.8
3702,3724,0,video70,23,0.92
4663,4702,1,video70,40,1.6
5010,5026,1,video70,17,0.68
5950,5968,0,video70,19,0.76
7928,7971,1,video70,44,1.76
9171,9246,0,video70,76,3.04
10123,10180,0,video70,58,2.32
11277,11350,0,video70,74,2.96
12526,12550,1,video70,25,1.0
13679,13732,0,video70,54,2.16
15728,15776,0,video70,49,1.96
16516,16564,0,video70,49,1.96
18027,18049,1,video70,23,0.92
18785,18812,1,video70,28,1.12
18876,18892,1,video70,17,0.68
20346,20379,1,video70,34,1.36
21320,21364,0,video70,45,1.8
22716,22759,0,video70,44,1.76
23601,23640,1,video70,40,1.6
24995,25019,1,video70,25,1.0
26263,26292,1,video70,30,1.2
26390,26430,1,video70,41,1.64
26669,26691,1,video70,23,0.92
28592,28638,0,video70,47,1.88
5591,5625,0,video71,35,1.4
8647,8668,1,video71,22,0.88
9126,9152,1,video71,27,1.08
12792,12814,1,video71,23,0.92
17699,17724,1,video71,26,1.04
22600,22699,0,video71,100,4.0
27095,27109,1,video71,15,0.6
34601,34648,0,video71,48,1.92
39539,39579,1,video71,41,1.64
41850,41933,0,video71,84,3.36
44965,45036,0,video71,72,2.88
47777,47809,1,video71,33,1.32
49942,49990,1,video71,49,1.96
50645,50740,1,video71,96,3.84
53259,53285,1,video71,27,1.08
53427,53466,1,video71,40,1.6
54260,54309,1,video71,50,2.0
54500,54568,1,video71,69,2.76
56638,56741,0,video71,104,4.16
58410,58487,0,video71,78,3.12
2157,2199,1,video72,43,1.72
5025,5042,1,video72,18,0.72
5242,5259,1,video72,18,0.72
5447,5464,1,video72,18,0.72
7072,7091,1,video72,20,0.8
9042,9061,1,video72,20,0.8
9939,9958,1,video72,20,0.8
10868,10894,1,video72,27,1.08
10966,10984,1,video72,19,0.76
14831,14863,1,video72,33,1.32
18084,18117,1,video72,34,1.36
19087,19104,1,video72,18,0.72
20242,20254,1,video72,13,0.52
29876,29902,1,video72,27,1.08
32309,32318,1,video72,10,0.4
33287,33420,0,video72,134,5.36
33881,33931,0,video72,51,2.04
35435,35484,0,video72,50,2.0
38374,38394,1,video72,21,0.84
38442,38459,0,video72,18,0.72
38471,38490,1,video72,20,0.8
40592,40607,1,video72,16,0.64
40709,40756,1,video72,48,1.92
41091,41133,1,video72,43,1.72
41486,41502,1,video72,17,0.68
41770,41838,0,video72,69,2.76
43190,43204,1,video72,15,0.6
56115,56210,0,video72,96,3.84
57147,57209,0,video72,63,2.52
68122,68188,0,video72,67,2.68
2672,2773,1,video73,102,4.08
2828,2883,1,video73,56,2.24
3746,3821,0,video73,76,3.04
4208,4237,1,video73,30,1.2
4347,4365,1,video73,19,0.76
4535,4578,1,video73,44,1.76
10294,10381,0,video73,88,3.52
11159,11171,1,video73,13,0.52
11859,11926,1,video73,68,2.72
12138,12190,1,video73,53,2.12
12322,12356,1,video73,35,1.4
12737,12751,1,video73,15,0.6
13224,13362,0,video73,139,5.56
15517,15644,0,video73,128,5.12
16420,16476,1,video73,57,2.28
18804,18878,0,video73,75,3.0
23280,23295,1,video73,16,0.64
23376,23403,1,video73,28,1.12
23608,23640,0,video73,33,1.32
2,32,1,video74,31,1.24
60,73,1,video74,14,0.56
174,192,1,video74,19,0.76
2473,2491,1,video74,19,0.76
2655,2670,1,video74,16,0.64
2880,2890,1,video74,11,0.44
2992,3005,1,video74,14,0.56
3150,3166,1,video74,17,0.68
3289,3304,1,video74,16,0.64
3393,3437,1,video74,45,1.8
4206,4227,1,video74,22,0.88
4934,4957,1,video74,24,0.96
5023,5047,1,video74,25,1.0
10862,10887,1,video74,26,1.04
11037,11054,1,video74,18,0.72
11857,11883,1,video74,27,1.08
13402,13480,0,video74,79,3.16
13538,13655,0,video74,118,4.72
14759,15044,0,video74,286,11.44
15664,15870,0,video74,207,8.28
20453,20506,1,video74,54,2.16
20703,20740,1,video74,38,1.52
20866,20893,1,video74,28,1.12
25378,25397,1,video74,20,0.8
25613,25638,1,video74,26,1.04
26090,26139,1,video74,50,2.0
26583,26688,1,video74,106,4.24
3625,3670,1,video75,46,1.84
7557,7567,1,video75,11,0.44
12514,12661,0,video75,148,5.92
17325,17454,0,video75,130,5.2
19577,19665,0,video75,89,3.56
24061,24081,1,video75,21,0.84
24185,24203,1,video75,19,0.76
24797,24808,1,video75,12,0.48
24894,24911,1,video75,18,0.72
25162,25197,1,video75,36,1.44
27272,27305,1,video75,34,1.36
28912,28926,1,video75,15,0.6
29148,29163,1,video75,16,0.64
29263,29276,1,video75,14,0.56
29567,29583,1,video75,17,0.68
32313,32326,1,video75,14,0.56
34160,34172,1,video75,13,0.52
34519,34534,1,video75,16,0.64
38721,38802,0,video75,82,3.28
42852,42864,1,video75,13,0.52
44611,44648,0,video75,38,1.52
47108,47138,0,video75,31,1.24
969,987,1,video76,19,0.76
1139,1163,1,video76,25,1.0
1251,1266,1,video76,16,0.64
1337,1377,1,video76,41,1.64
1434,1480,1,video76,47,1.88
1523,1542,1,video76,20,0.8
2412,2437,1,video76,26,1.04
3234,3254,1,video76,21,0.84
3945,4025,1,video76,81,3.24
4199,4281,1,video76,83,3.32
11903,11971,0,video76,69,2.76
24111,24414,0,video76,304,12.16
36183,36281,1,video76,99,3.96
36544,36567,1,video76,24,0.96
36804,36828,1,video76,25,1.0
42151,42234,0,video76,84,3.36
55925,56003,0,video76,79,3.16
2461,2601,0,video77,141,5.64
5266,5285,1,video77,20,0.8
8404,8421,1,video77,18,0.72
10964,11110,0,video77,147,5.88
12498,12525,1,video77,28,1.12
14811,14821,1,video77,11,0.44
15241,15260,1,video77,20,0.8
28560,28577,1,video77,18,0.72
29105,29134,1,video77,30,1.2
29327,29359,1,video77,33,1.32
29800,29828,1,video77,29,1.16
30121,30168,1,video77,48,1.92
31406,31429,1,video77,24,0.96
31753,31780,1,video77,28,1.12
42733,42764,1,video77,32,1.28
43208,43228,1,video77,21,0.84
43755,43791,1,video77,37,1.48
44011,44040,1,video77,30,1.2
44566,44587,1,video77,22,0.88
46518,46534,1,video77,17,0.68
46744,46770,1,video77,27,1.08
47013,47139,1,video77,127,5.08
54211,54509,0,video77,299,11.96
1560,1635,1,video78,76,3.04
2285,2321,1,video78,37,1.48
3098,3170,0,video78,73,2.92
4145,4199,0,video78,55,2.2
4884,5028,0,video78,145,5.8
5641,5662,1,video78,22,0.88
5723,5748,1,video78,26,1.04
5802,5823,1,video78,22,0.88
7665,7700,1,video78,36,1.44
8740,8952,0,video78,213,8.52
10532,10641,1,video78,110,4.4
10912,10960,1,video78,49,1.96
11021,11065,1,video78,45,1.8
11434,11470,1,video78,37,1.48
11612,11711,1,video78,100,4.0
12078,12153,1,video78,76,3.04
15102,15115,1,video78,14,0.56
16487,16607,0,video78,121,4.84
17624,17713,0,video78,90,3.6
1711,1748,1,video79,38,1.52
1780,1854,1,video79,75,3.0
1915,1931,1,video79,17,0.68
2117,2155,1,video79,39,1.56
3357,3387,1,video79,31,1.24
4080,4112,1,video79,33,1.32
4164,4182,1,video79,19,0.76
9755,9831,0,video79,77,3.08
10075,10094,1,video79,20,0.8
11084,11101,1,video79,18,0.72
21805,21888,0,video79,84,3.36
24620,24652,1,video79,33,1.32
26374,26408,1,video79,35,1.4
29131,29169,0,video79,39,1.56
32621,32646,1,video79,26,1.04
33653,33674,1,video79,22,0.88
35330,35349,1,video79,20,0.8
38611,38631,1,video79,21,0.84
42198,42259,0,video79,62,2.48
45209,45257,1,video79,49,1.96
48021,48036,1,video79,16,0.64
50821,50840,1,video79,20,0.8
54489,54508,1,video79,20,0.8
56514,56585,0,video79,72,2.88
62863,62957,0,video79,95,3.8
70058,70096,0,video79,39,1.56
79724,79818,0,video79,95,3.8
1733,1764,0,video80,32,1.28
1832,1934,1,video80,103,4.12
2878,2886,1,video80,9,0.36
4394,4404,1,video80,11,0.44
5982,6004,1,video80,23,0.92
7039,7091,0,video80,53,2.12
36882,36939,0,video80,58,2.32
37909,37944,1,video80,36,1.44
38666,38730,0,video80,65,2.6
39766,39792,1,video80,27,1.08
